,KC Fed Model-Based Natural Rate of Interest,,,KC Fed Model-Based Natural Unemployment Rate,,
Date,Point Estimate,Lower (68%),Upper (68%),Point Estimate,Lower (68%),Upper (68%)
"1966-07-01"," 1.9072289865"," 0.910504033","2.7879425","4.611960","3.587848"," 5.683229"
"1966-08-01"," 1.9169432440"," 0.980906025","2.7605809","4.607223","3.641242"," 5.615422"
"1966-09-01"," 1.9566124578"," 0.982387186","2.8259783","4.532364","3.493369"," 5.576479"
"1966-10-01"," 1.9413340276"," 0.968225939","2.8145454","4.550893","3.512418"," 5.606905"
"1966-11-01"," 1.9877630567"," 1.035807078","2.8515812","4.482712","3.430218"," 5.508258"
"1966-12-01"," 2.0155084682"," 1.043943782","2.8666923","4.413103","3.320919"," 5.411472"
"1967-01-01"," 2.0905443542"," 1.189759052","2.8944327","4.310499","3.254762"," 5.181805"
"1967-02-01"," 2.1025608202"," 1.211294632","2.9023153","4.311036","3.265310"," 5.179311"
"1967-03-01"," 2.1942406936"," 1.297073134","3.0168173","4.179569","3.053018"," 5.023243"
"1967-04-01"," 2.2633880385"," 1.292357855","3.1644180","4.058535","2.774325"," 4.971268"
"1967-05-01"," 2.2180314378"," 1.275545797","3.0897638","4.147473","2.952418"," 5.049523"
"1967-06-01"," 2.1540142290"," 1.226058357","2.9953766","4.246964","3.126020"," 5.147126"
"1967-07-01"," 2.1477566001"," 1.161973503","3.0337505","4.256528","3.057121"," 5.230193"
"1967-08-01"," 2.1054352790"," 1.116491442","2.9954345","4.326202","3.150936"," 5.333671"
"1967-09-01"," 2.0800720306"," 1.061522613","2.9999453","4.357957","3.156132"," 5.426830"
"1967-10-01"," 2.0367701307"," 1.012096279","2.9468337","4.416604","3.220970"," 5.511254"
"1967-11-01"," 1.9911431013"," 0.994867627","2.8898196","4.504431","3.365104"," 5.614075"
"1967-12-01"," 1.9866318356"," 1.037088454","2.8560396","4.537960","3.460599"," 5.611227"
"1968-01-01"," 1.9750401087"," 0.974675759","2.8955358","4.551142","3.402962"," 5.717029"
"1968-02-01"," 1.9887571478"," 0.961753077","2.9193363","4.522257","3.321110"," 5.715428"
"1968-03-01"," 1.9655972730"," 0.942640695","2.9029573","4.573748","3.388477"," 5.799183"
"1968-04-01"," 1.9062456610"," 0.903987358","2.8387782","4.684858","3.554846"," 5.946375"
"1968-05-01"," 1.8760641024"," 0.889092349","2.7910125","4.728529","3.622461"," 5.988313"
"1968-06-01"," 1.8958922581"," 0.929130427","2.7856907","4.680515","3.574593"," 5.894190"
"1968-07-01"," 1.9461200060"," 1.024551906","2.7968841","4.618816","3.528760"," 5.750228"
"1968-08-01"," 1.9688464456"," 1.039657528","2.8333209","4.607069","3.495992"," 5.753524"
"1968-09-01"," 2.0507438952"," 1.112083967","2.9438783","4.497682","3.318541"," 5.630384"
"1968-10-01"," 1.9957813132"," 1.048557058","2.8859958","4.590887","3.437878"," 5.772800"
"1968-11-01"," 2.0170253162"," 1.082599561","2.9018625","4.571574","3.415195"," 5.731658"
"1968-12-01"," 1.9913922129"," 1.100463426","2.8363597","4.627926","3.544637"," 5.735836"
"1969-01-01"," 1.9385923885"," 1.044586830","2.7758645","4.714649","3.655738"," 5.845666"
"1969-02-01"," 1.8647832250"," 0.989213053","2.6820761","4.840537","3.840862"," 5.978967"
"1969-03-01"," 1.7943876035"," 0.873782632","2.6390907","4.946626","3.922203"," 6.174558"
"1969-04-01"," 1.6799004164"," 0.747433665","2.5224204","5.130000","4.153286"," 6.437870"
"1969-05-01"," 1.4393041301"," 0.378252888","2.3502717","5.500536","4.503524"," 7.102381"
"1969-06-01"," 1.4679747887"," 0.478111402","2.3289418","5.441196","4.495789"," 6.918415"
"1969-07-01"," 1.5327669892"," 0.578132475","2.3664601","5.330266","4.376640"," 6.728215"
"1969-08-01"," 1.4486845009"," 0.479085373","2.2828464","5.474181","4.555518"," 6.926016"
"1969-09-01"," 1.4114417261"," 0.445300171","2.2293775","5.512555","4.601840"," 6.958002"
"1969-10-01"," 1.4111251153"," 0.450008903","2.2265448","5.506478","4.593001"," 6.943005"
"1969-11-01"," 1.4811321148"," 0.547619948","2.2802902","5.412502","4.491281"," 6.778540"
"1969-12-01"," 1.4334571744"," 0.477949203","2.2445806","5.482882","4.551443"," 6.904403"
"1970-01-01"," 1.3846191701"," 0.459239913","2.1545965","5.525540","4.650020"," 6.894405"
"1970-02-01"," 1.2704051753"," 0.282535960","2.0531342","5.668842","4.781811"," 7.143559"
"1970-03-01"," 1.5094015226"," 0.696077140","2.1839457","5.292474","4.455404"," 6.392500"
"1970-04-01"," 1.2279205651"," 0.266374224","1.9932100","5.695294","4.822941"," 7.122339"
"1970-05-01"," 1.2301644439"," 0.288859653","1.9768111","5.677170","4.822144"," 7.060237"
"1970-06-01"," 1.2736050448"," 0.374392757","1.9968393","5.615940","4.779931"," 6.920490"
"1970-07-01"," 1.3315550788"," 0.465373853","2.0398048","5.520946","4.680634"," 6.754352"
"1970-08-01"," 1.4045361726"," 0.584906295","2.0801478","5.419647","4.588474"," 6.553145"
"1970-09-01"," 1.3649891340"," 0.515015229","2.0528160","5.459376","4.610144"," 6.641358"
"1970-10-01"," 1.2578588548"," 0.326769537","1.9934675","5.609553","4.705466"," 6.953985"
"1970-11-01"," 1.2620905243"," 0.298490337","2.0081580","5.578911","4.624609"," 6.937699"
"1970-12-01"," 1.3409678472"," 0.358811570","2.0882612","5.467592","4.464195"," 6.784508"
"1971-01-01"," 1.5557242436"," 0.636875754","2.3123375","5.175181","4.105014"," 6.341645"
"1971-02-01"," 1.6344396226"," 0.742382175","2.4003995","5.082296","3.979189"," 6.205860"
"1971-03-01"," 1.6213954348"," 0.776230899","2.3484628","5.121485","4.099200"," 6.192849"
"1971-04-01"," 1.5430374149"," 0.711866191","2.2496162","5.266064","4.314430"," 6.359212"
"1971-05-01"," 1.4534248093"," 0.601072390","2.1703341","5.405587","4.472415"," 6.561456"
"1971-06-01"," 1.4707648508"," 0.633827935","2.1765887","5.382430","4.453369"," 6.513133"
"1971-07-01"," 1.3975540678"," 0.557661393","2.1054527","5.483036","4.583359"," 6.662719"
"1971-08-01"," 1.4353283962"," 0.703944638","2.0737079","5.421559","4.642649"," 6.432370"
"1971-09-01"," 1.5332906000"," 0.866816147","2.1332080","5.291891","4.559308"," 6.167205"
"1971-10-01"," 1.7055020130"," 1.086562236","2.2855598","5.064969","4.318118"," 5.812640"
"1971-11-01"," 1.6818334076"," 1.073933785","2.2542609","5.085009","4.371001"," 5.819257"
"1971-12-01"," 1.7744844078"," 1.137177822","2.3810682","4.944696","4.124484"," 5.682017"
"1972-01-01"," 1.8066953174"," 1.108545000","2.4744936","4.914797","3.980524"," 5.742307"
"1972-02-01"," 1.8156589201"," 1.110964934","2.4971009","4.915947","3.959567"," 5.760149"
"1972-03-01"," 1.6294416693"," 0.968140560","2.2542604","5.201646","4.418775"," 6.059060"
"1972-04-01"," 1.5935107194"," 0.936059766","2.2199848","5.272474","4.510502"," 6.143794"
"1972-05-01"," 1.6037356142"," 0.957746584","2.2210671","5.256781","4.510917"," 6.107296"
"1972-06-01"," 1.5685011976"," 0.931062028","2.1750556","5.314318","4.605966"," 6.160884"
"1972-07-01"," 1.5563700342"," 0.909460734","2.1767227","5.342059","4.627806"," 6.206906"
"1972-08-01"," 1.4970596579"," 0.838518652","2.1257001","5.442790","4.746868"," 6.348903"
"1972-09-01"," 1.5273820042"," 0.855781404","2.1678341","5.399126","4.655146"," 6.321628"
"1972-10-01"," 1.5756416129"," 0.956630567","2.1682204","5.325983","4.656326"," 6.134341"
"1972-11-01"," 1.6242984179"," 0.993039325","2.2381038","5.271246","4.550348"," 6.098263"
"1972-12-01"," 1.5417021124"," 0.870770417","2.1951677","5.415610","4.670843"," 6.346261"
"1973-01-01"," 1.5425509926"," 0.861922154","2.2056520","5.453095","4.731973"," 6.408268"
"1973-02-01"," 1.2917491994"," 0.457486749","2.0438984","5.834299","5.027486"," 7.130013"
"1973-03-01"," 1.1906055339"," 0.276288817","1.9963033","5.985359","5.106988"," 7.458177"
"1973-04-01"," 1.1026664306"," 0.110926842","1.9638832","6.091538","5.109987"," 7.715070"
"1973-05-01"," 0.9551474475","-0.157657904","1.8953241","6.334536","5.270339"," 8.218276"
"1973-06-01"," 0.8259056847","-0.411052545","1.8335052","6.536345","5.387876"," 8.655203"
"1973-07-01"," 0.4130071856","-1.282763792","1.6748934","7.237390","5.760032","10.222476"
"1973-08-01"," 0.5558481629","-0.958437534","1.7190213","6.982127","5.620354"," 9.625114"
"1973-09-01"," 0.5430418721","-0.980370482","1.7103604","6.993935","5.621821"," 9.651957"
"1973-10-01"," 0.8671145222","-0.325632481","1.8500872","6.459640","5.318246"," 8.507633"
"1973-11-01"," 0.7738173016","-0.492575367","1.7825253","6.588811","5.397606"," 8.763761"
"1973-12-01"," 0.6883748899","-0.653466390","1.7303415","6.709606","5.447652"," 8.999747"
"1974-01-01"," 0.6964930612","-0.612328340","1.7168763","6.664312","5.424089"," 8.876288"
"1974-02-01"," 0.8360983861","-0.372506809","1.8140858","6.423234","5.180117"," 8.410025"
"1974-03-01"," 0.5413042943","-0.952918618","1.7069785","6.890799","5.405582"," 9.382737"
"1974-04-01"," 0.1333178559","-1.727235602","1.5288096","7.520339","5.756322","10.703269"
"1974-05-01","-0.1929082911","-2.385856691","1.4181489","7.991567","5.935020","11.785707"
"1974-06-01","-0.3854142996","-2.770760289","1.3387639","8.231691","5.997164","12.297051"
"1974-07-01","-0.5961292159","-3.108859195","1.2238092","8.501557","6.153174","12.864321"
"1974-08-01","-0.1896836776","-2.371900043","1.4298072","7.841862","5.670920","11.493100"
"1974-09-01","-0.0477540590","-2.097750738","1.4714815","7.584303","5.501167","10.954204"
"1974-10-01"," 0.3647177352","-1.381648271","1.7201191","6.941723","5.013756"," 9.702189"
"1974-11-01"," 0.4203143721","-1.213805745","1.6749154","6.821504","5.031771"," 9.343349"
"1974-12-01"," 0.5900639127","-0.901255385","1.7434913","6.526493","4.841527"," 8.754885"
"1975-01-01"," 0.8175782559","-0.525918590","1.8706868","6.123722","4.507251"," 8.003600"
"1975-02-01"," 0.9718406746","-0.329181235","2.0334456","5.918123","4.242726"," 7.687307"
"1975-03-01"," 1.0613053953","-0.162594070","2.0625579","5.774664","4.174450"," 7.398979"
"1975-04-01"," 0.9777460320","-0.189732919","1.9142724","5.954638","4.520983"," 7.550745"
"1975-05-01"," 1.0608592247","-0.033246582","1.9588035","5.842662","4.482369"," 7.312415"
"1975-06-01"," 0.9287028687","-0.137835020","1.8206867","6.125506","4.891486"," 7.664725"
"1975-07-01"," 0.7298993239","-0.419469210","1.6913369","6.501015","5.256750"," 8.279524"
"1975-08-01"," 0.9319040436","-0.075547611","1.7951008","6.223388","5.107795"," 7.729550"
"1975-09-01"," 0.8121981201","-0.266120516","1.7254195","6.438760","5.292701"," 8.111950"
"1975-10-01"," 0.8817249467","-0.146170588","1.7725924","6.321883","5.205536"," 7.895524"
"1975-11-01"," 0.9198739791","-0.130586044","1.8405962","6.275702","5.091955"," 7.854787"
"1975-12-01"," 0.8539276051","-0.227163619","1.8049003","6.426575","5.232695"," 8.096581"
"1976-01-01"," 1.0277887214"," 0.024772603","1.9435941","6.193869","5.030387"," 7.692533"
"1976-02-01"," 1.1410215598"," 0.207517658","2.0176636","6.059666","4.943133"," 7.432171"
"1976-03-01"," 1.1728941287"," 0.292117093","2.0036132","6.041257","5.027331"," 7.320853"
"1976-04-01"," 1.1868930761"," 0.341158668","1.9955535","6.008764","5.041619"," 7.226249"
"1976-05-01"," 1.1317518897"," 0.266124445","1.9759921","6.167747","5.212845"," 7.466920"
"1976-06-01"," 1.1254631994"," 0.277584155","1.9449483","6.155697","5.232507"," 7.416387"
"1976-07-01"," 1.0796713469"," 0.186255971","1.9296141","6.224232","5.257390"," 7.563362"
"1976-08-01"," 0.9858440638"," 0.015209648","1.9099140","6.427398","5.398642"," 7.927637"
"1976-09-01"," 1.0545293193"," 0.071543847","2.0031144","6.376584","5.301714"," 7.882741"
"1976-10-01"," 1.1032147374"," 0.144303531","2.0389552","6.321271","5.258045"," 7.775112"
"1976-11-01"," 1.1324876493"," 0.197897462","2.0627594","6.304783","5.272939"," 7.730280"
"1976-12-01"," 1.1535252523"," 0.207490149","2.1152534","6.332422","5.282975"," 7.788384"
"1977-01-01"," 1.2054542373"," 0.240829556","2.2261084","6.363597","5.269811"," 7.870323"
"1977-02-01"," 1.2064193293"," 0.215730195","2.2649458","6.419048","5.300308"," 7.964178"
"1977-03-01"," 1.3850476906"," 0.474799856","2.3747286","6.150896","5.081815"," 7.511156"
"1977-04-01"," 1.4940326496"," 0.593316954","2.5010433","6.039511","4.951432"," 7.369858"
"1977-05-01"," 1.4464731323"," 0.521330032","2.5378040","6.271668","5.202353"," 7.726043"
"1977-06-01"," 1.4435710126"," 0.504891450","2.5578175","6.304317","5.215143"," 7.775839"
"1977-07-01"," 1.5567188525"," 0.608919567","2.7020684","6.213849","5.080551"," 7.682781"
"1977-08-01"," 1.4872247261"," 0.546332113","2.6673878","6.411656","5.331101"," 7.930388"
"1977-09-01"," 1.5434588176"," 0.632102984","2.7232458","6.373522","5.334359"," 7.844427"
"1977-10-01"," 1.5200143817"," 0.598343733","2.7632641","6.490131","5.452677"," 8.029541"
"1977-11-01"," 1.5796494481"," 0.667445663","2.8061865","6.420782","5.382677"," 7.911025"
"1977-12-01"," 1.7214792659"," 0.814473994","2.9643433","6.282005","5.225594"," 7.728095"
"1978-01-01"," 1.7107224944"," 0.759791748","3.0580083","6.426851","5.325355"," 7.990510"
"1978-02-01"," 1.7595822933"," 0.859066603","3.0705936","6.340775","5.308132"," 7.818778"
"1978-03-01"," 1.7522477985"," 0.809423423","3.1632917","6.475940","5.397281"," 8.068673"
"1978-04-01"," 1.7996341308"," 0.806191704","3.3156562","6.537720","5.387013"," 8.238569"
"1978-05-01"," 1.7839663512"," 0.735937946","3.4425527","6.731750","5.535382"," 8.582014"
"1978-06-01"," 1.8174932471"," 0.769006065","3.5177598","6.744965","5.535322"," 8.610368"
"1978-07-01"," 1.7409983808"," 0.671433007","3.5142378","6.915777","5.710269"," 8.883464"
"1978-08-01"," 1.8016573070"," 0.717990678","3.6270812","6.924345","5.700063"," 8.907033"
"1978-09-01"," 1.7596738684"," 0.655790762","3.6887551","7.053822","5.817995"," 9.128371"
"1978-10-01"," 1.7781170038"," 0.599169692","3.8682708","7.218287","5.888522"," 9.462849"
"1978-11-01"," 1.7210812560"," 0.510412317","3.8831808","7.362331","6.028697"," 9.688462"
"1978-12-01"," 1.7371921540"," 0.613304045","3.7154833","7.187087","5.961142"," 9.320173"
"1979-01-01"," 1.7801787766"," 0.690236144","3.7150440","7.085546","5.899330"," 9.141551"
"1979-02-01"," 1.8172972847"," 0.795743745","3.6173304","6.899344","5.812936"," 8.788298"
"1979-03-01"," 1.8551726837"," 0.810777799","3.7164017","6.930686","5.804661"," 8.854828"
"1979-04-01"," 1.8394068064"," 0.656456127","4.0001542","7.261239","5.950367"," 9.513888"
"1979-05-01"," 1.8405220271"," 0.524095424","4.2876380","7.562270","6.081590","10.120289"
"1979-06-01"," 1.8474369259"," 0.568570125","4.1772093","7.471179","6.047240"," 9.921301"
"1979-07-01"," 1.8328814345"," 0.581572810","4.1187839","7.432279","6.050947"," 9.814750"
"1979-08-01"," 1.6990835979"," 0.338499852","4.1839354","7.792548","6.313703","10.443632"
"1979-09-01"," 1.6966056775"," 0.308099342","4.2322906","7.874389","6.369649","10.595860"
"1979-10-01"," 1.4298192671","-0.330058648","4.5880673","8.794559","6.911227","12.372355"
"1979-11-01"," 1.6172784374"," 0.146887989","4.2637914","8.099159","6.521452","11.002473"
"1979-12-01"," 1.5346606972","-0.042546244","4.3758502","8.396039","6.684848","11.571369"
"1980-01-01"," 1.5194508383","-0.044490852","4.3068646","8.369244","6.679285","11.473714"
"1980-02-01"," 1.4729074488","-0.234417912","4.5491688","8.724968","6.870218","12.125267"
"1980-03-01"," 1.1807143960","-1.037192236","5.0644337","9.896309","7.524719","14.382137"
"1980-04-01"," 1.1605458234","-0.867855364","4.6055113","9.428334","7.293579","13.469587"
"1980-05-01"," 1.8401831309"," 0.647939290","3.5787116","6.748330","5.358709"," 8.767922"
"1980-06-01"," 1.7970525781"," 0.614812612","3.6356130","6.959031","5.623226"," 8.979923"
"1980-07-01"," 1.7526230766"," 0.538138357","3.6871634","7.155150","5.839060"," 9.187092"
"1980-08-01"," 1.7426702895"," 0.475012780","3.8495296","7.428648","6.132430"," 9.547950"
"1980-09-01"," 1.7582447791"," 0.321446618","4.2420298","7.875237","6.401944","10.312915"
"1980-10-01"," 1.6343990029","-0.001957932","4.5279917","8.458106","6.794734","11.297360"
"1980-11-01"," 1.4064031432","-0.558581828","4.8904338","9.274190","7.287806","12.783678"
"1980-12-01"," 1.2710869350","-0.878358198","5.0425398","9.678180","7.500024","13.659551"
"1981-01-01"," 1.2812155484","-0.723247264","4.7366403","9.368302","7.347969","12.986707"
"1981-02-01"," 1.6332360477"," 0.243580949","3.9806587","7.864504","6.443262","10.205900"
"1981-03-01"," 1.6593260318"," 0.358017465","3.8321005","7.663855","6.349767"," 9.826641"
"1981-04-01"," 1.5168222656","-0.008530305","4.1188659","8.293282","6.765754","10.920073"
"1981-05-01"," 1.2254996626","-0.722207351","4.4864943","9.240600","7.282895","12.722206"
"1981-06-01"," 1.2303488104","-0.609585064","4.2530491","8.986686","7.136675","12.232707"
"1981-07-01"," 1.3207240883","-0.357843459","4.0739699","8.660234","6.975770","11.593947"
"1981-08-01"," 1.3521710908","-0.153896141","3.7203460","8.272910","6.777388","10.823582"
"1981-09-01"," 1.4370824391"," 0.109500051","3.4486757","7.809327","6.501222"," 9.971273"
"1981-10-01"," 1.3366152740","-0.061762018","3.4257545","7.996702","6.619729","10.275227"
"1981-11-01"," 1.3705042819"," 0.075998605","3.1738359","7.623656","6.389911"," 9.603189"
"1981-12-01"," 1.3840916141"," 0.125964048","3.1000082","7.482775","6.314512"," 9.340261"
"1982-01-01"," 1.2871092877","-0.157847443","3.3835010","8.040250","6.682507","10.279848"
"1982-02-01"," 1.1052002935","-0.610055174","3.6223832","8.612284","6.973705","11.366198"
"1982-03-01"," 1.1721760554","-0.437433800","3.4888813","8.323830","6.804847","10.836156"
"1982-04-01"," 1.1283464567","-0.520908038","3.4754209","8.339464","6.791526","10.884415"
"1982-05-01"," 1.1791781361","-0.417172530","3.4410705","8.202920","6.721452","10.582027"
"1982-06-01"," 1.1931396037","-0.431008576","3.5452280","8.247791","6.743275","10.647488"
"1982-07-01"," 1.3244153881","-0.140604438","3.3357931","7.758519","6.469172"," 9.738683"
"1982-08-01"," 1.4980494161"," 0.261108398","3.0476500","7.005386","5.979902"," 8.490278"
"1982-09-01"," 1.4717223370"," 0.092835501","3.3458533","7.432249","6.291978"," 9.155144"
"1982-10-01"," 1.5026251225"," 0.082738256","3.4480852","7.464832","6.324105"," 9.177048"
"1982-11-01"," 1.5124274925"," 0.098212286","3.3978921","7.298292","6.211619"," 8.912072"
"1982-12-01"," 1.6019939256"," 0.222376837","3.4735869","7.138508","6.118907"," 8.640343"
"1983-01-01"," 1.8209548738"," 0.493959465","3.6996538","6.989173","6.044989"," 8.351665"
"1983-02-01"," 1.9078936966"," 0.622533187","3.7706523","6.835871","5.950309"," 8.105514"
"1983-03-01"," 1.9687877026"," 0.728452166","3.7808659","6.681434","5.845870"," 7.883325"
"1983-04-01"," 2.0199118962"," 0.795774543","3.8368771","6.589709","5.781316"," 7.753803"
"1983-05-01"," 2.0184087225"," 0.849064248","3.7185279","6.404533","5.645982"," 7.466204"
"1983-06-01"," 2.1560938206"," 0.887301842","4.1864283","6.580689","5.764490"," 7.758625"
"1983-07-01"," 2.4197487750"," 1.136063967","4.6696170","6.551922","5.730501"," 7.718716"
"1983-08-01"," 2.4853168709"," 1.144620128","4.8881773","6.586826","5.738342"," 7.789922"
"1983-09-01"," 2.5390326798"," 1.248133493","4.8312022","6.430593","5.626065"," 7.538116"
"1983-10-01"," 2.5645337469"," 1.363187549","4.7039254","6.233465","5.493906"," 7.229541"
"1983-11-01"," 2.6200539013"," 1.440481020","4.7530945","6.154714","5.429871"," 7.117987"
"1983-12-01"," 2.5775116136"," 1.466808188","4.5829636","6.029418","5.348019"," 6.933783"
"1984-01-01"," 2.6300383884"," 1.544439108","4.5984060","5.970144","5.306183"," 6.837625"
"1984-02-01"," 2.7851436712"," 1.600186966","5.0371387","6.105742","5.381516"," 7.058364"
"1984-03-01"," 2.7712417905"," 1.578769161","5.0490653","6.140282","5.417787"," 7.111328"
"1984-04-01"," 2.8184733334"," 1.579681381","5.1579856","6.183548","5.442434"," 7.172435"
"1984-05-01"," 2.7943098612"," 1.628285516","4.9885098","6.062403","5.360230"," 6.971822"
"1984-06-01"," 2.8697155057"," 1.661092592","5.2560776","6.109868","5.371323"," 7.092933"
"1984-07-01"," 2.8245953682"," 1.568920521","5.3196785","6.233062","5.473227"," 7.273746"
"1984-08-01"," 2.8407758239"," 1.523414970","5.5724524","6.304716","5.502945"," 7.450549"
"1984-09-01"," 2.7398058262"," 1.542190356","5.1038341","6.129645","5.401979"," 7.134625"
"1984-10-01"," 2.5281042948"," 1.493432924","4.2591105","5.898729","5.301591"," 6.670714"
"1984-11-01"," 2.5266905835"," 1.543604969","4.1170214","5.786164","5.222076"," 6.480377"
"1984-12-01"," 2.4530119149"," 1.492649720","3.8563479","5.696078","5.169234"," 6.318871"
"1985-01-01"," 2.5829439072"," 1.560842354","4.1646141","5.797303","5.230790"," 6.475453"
"1985-02-01"," 2.7170467274"," 1.633425936","4.4821256","5.872105","5.261639"," 6.614627"
"1985-03-01"," 2.7911805024"," 1.672307317","4.7004812","5.937076","5.305604"," 6.730949"
"1985-04-01"," 2.6332718075"," 1.607488955","4.2560722","5.807373","5.248760"," 6.494437"
"1985-05-01"," 2.6609862527"," 1.634264691","4.2695100","5.782683","5.223616"," 6.461619"
"1985-06-01"," 2.5310565524"," 1.536470142","3.9587030","5.708612","5.184672"," 6.324994"
"1985-07-01"," 2.6160156218"," 1.611601067","4.1756909","5.756800","5.216783"," 6.406255"
"1985-08-01"," 2.7399431122"," 1.703266697","4.4006201","5.735728","5.171788"," 6.403715"
"1985-09-01"," 2.6942068812"," 1.700072712","4.2535413","5.675067","5.136794"," 6.300991"
"1985-10-01"," 2.6457479516"," 1.680078426","4.1151770","5.624752","5.104724"," 6.216768"
"1985-11-01"," 2.6571460769"," 1.701756538","4.1153302","5.603396","5.088369"," 6.194687"
"1985-12-01"," 2.6733268391"," 1.706844001","4.1869844","5.632856","5.105423"," 6.242843"
"1986-01-01"," 2.7751822776"," 1.769489191","4.3705057","5.624988","5.066991"," 6.255608"
"1986-02-01"," 2.6319432201"," 1.644440008","4.1354154","5.676707","5.145334"," 6.299257"
"1986-03-01"," 2.6069930910"," 1.615033443","4.0883675","5.670132","5.144664"," 6.283301"
"1986-04-01"," 2.5275496752"," 1.579837031","3.8541008","5.560905","5.069528"," 6.111141"
"1986-05-01"," 2.4727417211"," 1.539725279","3.7319083","5.520389","5.048400"," 6.045734"
"1986-06-01"," 2.5825806041"," 1.626065488","3.9704065","5.564200","5.070635"," 6.126594"
"1986-07-01"," 2.5161704748"," 1.607768945","3.7279768","5.419657","4.958969"," 5.914816"
"1986-08-01"," 2.4774922829"," 1.565872643","3.6326267","5.343143","4.888735"," 5.813741"
"1986-09-01"," 2.5249770573"," 1.589830259","3.7516693","5.401481","4.932251"," 5.893286"
"1986-10-01"," 2.5534832383"," 1.593929999","3.8249754","5.414729","4.937800"," 5.921377"
"1986-11-01"," 2.6012247206"," 1.647526280","3.9018779","5.406820","4.926717"," 5.911351"
"1986-12-01"," 2.8261733033"," 1.858314347","4.4064440","5.458788","4.928765"," 6.034379"
"1987-01-01"," 2.6419289646"," 1.709982199","3.9416394","5.344200","4.864614"," 5.834452"
"1987-02-01"," 2.6443793079"," 1.716805548","3.9508393","5.339616","4.865461"," 5.832696"
"1987-03-01"," 2.6611168602"," 1.714615750","4.0097635","5.366458","4.882531"," 5.872759"
"1987-04-01"," 2.8409821252"," 1.847194279","4.3977999","5.402868","4.870063"," 5.962695"
"1987-05-01"," 2.8956707589"," 1.879951256","4.5584028","5.444506","4.891178"," 6.032758"
"1987-06-01"," 2.8037449083"," 1.810483239","4.3029912","5.368033","4.839232"," 5.911506"
"1987-07-01"," 2.7761354083"," 1.794917689","4.2259712","5.329485","4.808558"," 5.859631"
"1987-08-01"," 2.8243225122"," 1.823611528","4.3453286","5.345997","4.812103"," 5.897026"
"1987-09-01"," 2.9652982100"," 1.921353969","4.6786301","5.420072","4.841344"," 6.031063"
"1987-10-01"," 2.9254292287"," 1.874343350","4.6426724","5.449303","4.875697"," 6.068433"
"1987-11-01"," 2.7161396025"," 1.711627865","4.0887213","5.266954","4.744431"," 5.790718"
"1987-12-01"," 2.7562170575"," 1.763883630","4.1192295","5.261545","4.742358"," 5.780046"
"1988-01-01"," 2.7792657397"," 1.753511139","4.2188624","5.298943","4.753250"," 5.850094"
"1988-02-01"," 2.6484876474"," 1.642422322","3.9154126","5.207919","4.691065"," 5.712638"
"1988-03-01"," 2.6797003597"," 1.640665699","4.0095346","5.240319","4.701383"," 5.773490"
"1988-04-01"," 2.8483526628"," 1.782647662","4.3398195","5.277369","4.696353"," 5.855673"
"1988-05-01"," 2.8632106585"," 1.819692125","4.4014757","5.364328","4.791392"," 5.949582"
"1988-06-01"," 2.9679043672"," 1.898125149","4.6430538","5.400775","4.794846"," 6.032448"
"1988-07-01"," 2.9293348017"," 1.868214770","4.5555049","5.400935","4.806281"," 6.021184"
"1988-08-01"," 2.8607292853"," 1.846012658","4.4300549","5.442631","4.883052"," 6.044809"
"1988-09-01"," 2.9305124945"," 1.876168260","4.5957111","5.464638","4.869594"," 6.106622"
"1988-10-01"," 2.9052077289"," 1.871799951","4.5289508","5.458267","4.878111"," 6.082626"
"1988-11-01"," 2.8873181080"," 1.877946720","4.4393420","5.422377","4.854245"," 6.020284"
"1988-12-01"," 2.9074270782"," 1.906385816","4.5162563","5.463644","4.893585"," 6.085284"
"1989-01-01"," 2.9048351095"," 1.873392708","4.6027638","5.550598","4.962526"," 6.219699"
"1989-02-01"," 2.9277421936"," 1.915883403","4.6373387","5.537823","4.943066"," 6.213961"
"1989-03-01"," 2.9357228534"," 1.936565939","4.6318334","5.526048","4.927418"," 6.208159"
"1989-04-01"," 2.8055789471"," 1.839849691","4.3987911","5.573680","5.004473"," 6.244098"
"1989-05-01"," 2.7459041432"," 1.799444405","4.2801359","5.594513","5.030892"," 6.269390"
"1989-06-01"," 2.5993065467"," 1.707039013","3.9108405","5.548164","5.036900"," 6.154118"
"1989-07-01"," 2.5466679273"," 1.685557436","3.7578150","5.499387","5.004196"," 6.070363"
"1989-08-01"," 2.4924000860"," 1.661074270","3.6240823","5.459475","4.981650"," 6.006403"
"1989-09-01"," 2.4755368189"," 1.629186634","3.6621111","5.543778","5.053843"," 6.129094"
"1989-10-01"," 2.4548215814"," 1.600203464","3.6733982","5.598689","5.092987"," 6.213162"
"1989-11-01"," 2.3517839737"," 1.526197248","3.4504427","5.569120","5.087038"," 6.146110"
"1989-12-01"," 2.3104686378"," 1.486341226","3.3853862","5.577389","5.095099"," 6.151893"
"1990-01-01"," 2.2691451147"," 1.439155185","3.3126257","5.581397","5.093702"," 6.154814"
"1990-02-01"," 2.3168952712"," 1.442978748","3.4981635","5.686718","5.155017"," 6.344354"
"1990-03-01"," 2.2830956392"," 1.409738219","3.4216874","5.654267","5.113368"," 6.306775"
"1990-04-01"," 2.1890185067"," 1.340844317","3.2565411","5.658868","5.139021"," 6.285308"
"1990-05-01"," 2.1366210847"," 1.301605322","3.1603886","5.643264","5.132863"," 6.262725"
"1990-06-01"," 2.1582504906"," 1.321478871","3.2142504","5.648542","5.121497"," 6.288657"
"1990-07-01"," 2.0355774137"," 1.228629749","2.9801712","5.615323","5.122357"," 6.212859"
"1990-08-01"," 1.9608181094"," 1.138120992","2.9166213","5.679653","5.182314"," 6.304577"
"1990-09-01"," 1.8851720638"," 1.064157238","2.8145829","5.702134","5.211791"," 6.322916"
"1990-10-01"," 1.8700205908"," 1.045920920","2.8056919","5.706668","5.212949"," 6.333870"
"1990-11-01"," 1.7854494410"," 0.988347848","2.6413739","5.657088","5.191706"," 6.243981"
"1990-12-01"," 1.7370988219"," 0.948397512","2.5023221","5.522324","5.072415"," 6.044671"
"1991-01-01"," 1.7024444985"," 0.869459699","2.4909926","5.550175","5.076280"," 6.098269"
"1991-02-01"," 1.6393808302"," 0.755332858","2.3977937","5.445468","4.951322"," 5.969481"
"1991-03-01"," 1.6426513203"," 0.822912831","2.4192081","5.564506","5.102148"," 6.104355"
"1991-04-01"," 1.6822204218"," 0.882823080","2.4550687","5.544612","5.089936"," 6.072413"
"1991-05-01"," 1.6304264974"," 0.804305407","2.4352496","5.603173","5.133777"," 6.164561"
"1991-06-01"," 1.6601059217"," 0.849917413","2.4718428","5.620316","5.156905"," 6.183490"
"1991-07-01"," 1.6813573948"," 0.877301509","2.4897063","5.578771","5.114410"," 6.130477"
"1991-08-01"," 1.6374609857"," 0.815128806","2.4209742","5.542147","5.073154"," 6.076767"
"1991-09-01"," 1.6235556476"," 0.777610849","2.4262186","5.557829","5.070782"," 6.109671"
"1991-10-01"," 1.5938648606"," 0.738008911","2.3717316","5.521301","5.038792"," 6.051816"
"1991-11-01"," 1.5713928777"," 0.686267227","2.3219085","5.422232","4.933535"," 5.929442"
"1991-12-01"," 1.4729378970"," 0.486657665","2.2346486","5.388778","4.864445"," 5.918123"
"1992-01-01"," 1.4599978958"," 0.354640025","2.2434627","5.300560","4.723710"," 5.847015"
"1992-02-01"," 1.5056425954"," 0.588972275","2.2736619","5.459766","4.966619"," 5.975512"
"1992-03-01"," 1.5074215621"," 0.570038254","2.2750323","5.421137","4.925240"," 5.933994"
"1992-04-01"," 1.4942028055"," 0.444455090","2.2786649","5.348226","4.805101"," 5.881787"
"1992-05-01"," 1.4727775537"," 0.477829774","2.2462210","5.391896","4.882694"," 5.908905"
"1992-06-01"," 1.4528784615"," 0.528609686","2.2242020","5.454627","4.977927"," 5.965917"
"1992-07-01"," 1.4154151938"," 0.276823585","2.2212320","5.333938","4.780605"," 5.877483"
"1992-08-01"," 1.4915713333"," 0.465991981","2.2618501","5.321510","4.817891"," 5.818332"
"1992-09-01"," 1.5009827451"," 0.455753818","2.2793072","5.296018","4.789798"," 5.791816"
"1992-10-01"," 1.6018595464"," 0.568123110","2.3915189","5.267012","4.756655"," 5.758540"
"1992-11-01"," 1.5634296864"," 0.470434353","2.3650288","5.253862","4.728396"," 5.757656"
"1992-12-01"," 1.5280992746"," 0.322453766","2.3473142","5.212730","4.655622"," 5.735825"
"1993-01-01"," 1.5735425368"," 0.449942986","2.3847746","5.240889","4.714586"," 5.744484"
"1993-02-01"," 1.6142588607"," 0.482191958","2.4341588","5.193245","4.662623"," 5.693833"
"1993-03-01"," 1.6486483786"," 0.525444497","2.4732980","5.174323","4.646519"," 5.668744"
"1993-04-01"," 1.5884993241"," 0.378555525","2.4334597","5.168030","4.616599"," 5.686432"
"1993-05-01"," 1.6100266372"," 0.460401229","2.4572937","5.218190","4.688127"," 5.728720"
"1993-06-01"," 1.5914928288"," 0.374348228","2.4421505","5.155062","4.613145"," 5.664677"
"1993-07-01"," 1.5912111193"," 0.280928772","2.4684677","5.106279","4.540209"," 5.634454"
"1993-08-01"," 1.6448366366"," 0.421105859","2.5130285","5.104624","4.565371"," 5.608431"
"1993-09-01"," 1.6427940393"," 0.316091876","2.5368106","5.047313","4.478201"," 5.567063"
"1993-10-01"," 1.5826803756"," 0.175226508","2.5012118","5.044426","4.460511"," 5.583680"
"1993-11-01"," 1.6772393706"," 0.397477351","2.5776515","5.053959","4.505331"," 5.564889"
"1993-12-01"," 1.6617303883"," 0.288185523","2.5825556","4.998549","4.426424"," 5.527177"
"1994-01-01"," 1.6550673085"," 0.373322343","2.5528948","5.033788","4.499293"," 5.535795"
"1994-02-01"," 1.7297484471"," 0.626975082","2.5982512","5.096935","4.617697"," 5.559507"
"1994-03-01"," 1.7493139422"," 0.598703297","2.6580400","5.095410","4.598130"," 5.573136"
"1994-04-01"," 1.8075277818"," 0.717229884","2.7155331","5.086497","4.606007"," 5.549020"
"1994-05-01"," 1.9996225561"," 1.028234499","2.9653776","5.077529","4.604588"," 5.524458"
"1994-06-01"," 2.0538061797"," 1.120357340","3.0630108","5.105246","4.635838"," 5.554764"
"1994-07-01"," 1.9353310221"," 0.895079571","2.9028162","5.073622","4.594170"," 5.529972"
"1994-08-01"," 2.0016188622"," 1.019157019","2.9782602","5.066114","4.603690"," 5.508822"
"1994-09-01"," 2.0641294122"," 1.124241904","3.0696049","5.066319","4.609253"," 5.504820"
"1994-10-01"," 2.0404893857"," 1.046521281","3.0451489","5.039144","4.570306"," 5.484509"
"1994-11-01"," 2.2368911768"," 1.306457288","3.3780054","5.033349","4.542432"," 5.493596"
"1994-12-01"," 2.2615483733"," 1.334021177","3.3898165","5.001162","4.514566"," 5.455716"
"1995-01-01"," 2.1669345247"," 1.220041581","3.2487000","5.025744","4.551785"," 5.475404"
"1995-02-01"," 2.2798922072"," 1.339867417","3.4567916","5.010739","4.515482"," 5.476444"
"1995-03-01"," 2.2664939789"," 1.312062579","3.4541095","5.019766","4.522259"," 5.489039"
"1995-04-01"," 2.2340753247"," 1.305960569","3.5231590","5.138701","4.641597"," 5.633876"
"1995-05-01"," 2.1876298278"," 1.246629989","3.3727530","5.083465","4.601781"," 5.551475"
"1995-06-01"," 2.2230946247"," 1.287016828","3.4353227","5.073110","4.587173"," 5.543259"
"1995-07-01"," 2.1557809720"," 1.210129650","3.3095512","5.081691","4.612576"," 5.543165"
"1995-08-01"," 2.1580490512"," 1.197570157","3.3221622","5.072302","4.596001"," 5.532569"
"1995-09-01"," 2.1968474955"," 1.226428925","3.3579916","5.029952","4.552041"," 5.485653"
"1995-10-01"," 2.1942472407"," 1.194615131","3.3605460","5.004793","4.518211"," 5.461850"
"1995-11-01"," 2.2308273327"," 1.258337343","3.4339482","5.015614","4.529999"," 5.477998"
"1995-12-01"," 2.1401701500"," 1.137357274","3.2652672","5.006630","4.534428"," 5.460166"
"1996-01-01"," 2.1019690850"," 1.076783211","3.2007034","4.997067","4.531921"," 5.447083"
"1996-02-01"," 2.0254225526"," 0.905985644","3.0942984","4.961394","4.487635"," 5.417890"
"1996-03-01"," 2.1546929471"," 1.088618228","3.3064959","4.962994","4.480390"," 5.422486"
"1996-04-01"," 2.1248474139"," 1.064899683","3.2673359","4.978352","4.503022"," 5.437357"
"1996-05-01"," 2.1930371650"," 1.154024570","3.4058391","4.982976","4.493019"," 5.445918"
"1996-06-01"," 2.2527911077"," 1.183833361","3.4733977","4.905695","4.402346"," 5.371722"
"1996-07-01"," 2.2439060079"," 1.189213725","3.4937453","4.948657","4.444374"," 5.417326"
"1996-08-01"," 2.1960857802"," 1.008813759","3.3917232","4.849318","4.329736"," 5.325809"
"1996-09-01"," 2.2945638146"," 1.154808016","3.5822980","4.871721","4.336103"," 5.357962"
"1996-10-01"," 2.1913677773"," 0.986272906","3.4453344","4.883596","4.352105"," 5.376859"
"1996-11-01"," 2.2301390599"," 1.124103568","3.5239803","4.930272","4.411181"," 5.412074"
"1996-12-01"," 2.1439697916"," 1.021351671","3.3662998","4.933550","4.435131"," 5.407246"
"1997-01-01"," 2.1656749949"," 1.032706115","3.3906744","4.907923","4.403036"," 5.381454"
"1997-02-01"," 2.1461462678"," 0.935000618","3.3776510","4.877988","4.358272"," 5.362494"
"1997-03-01"," 2.2704735264"," 1.107668477","3.5959154","4.861476","4.320570"," 5.351436"
"1997-04-01"," 2.3591848328"," 1.190181205","3.7604305","4.833097","4.268052"," 5.329975"
"1997-05-01"," 2.3162478466"," 1.089750545","3.6530150","4.788801","4.224272"," 5.291280"
"1997-06-01"," 2.3253898336"," 1.134374820","3.6911714","4.814525","4.252155"," 5.315334"
"1997-07-01"," 2.2363011910"," 0.988919327","3.5294265","4.801961","4.249170"," 5.303399"
"1997-08-01"," 2.3170649568"," 1.102826696","3.6424865","4.764509","4.206692"," 5.264789"
"1997-09-01"," 2.2509503631"," 1.038053408","3.5689381","4.802109","4.249229"," 5.298667"
"1997-10-01"," 2.3637460344"," 1.148508887","3.7599090","4.753407","4.171228"," 5.262874"
"1997-11-01"," 2.4207175702"," 1.198618007","3.8487223","4.721001","4.125331"," 5.238402"
"1997-12-01"," 2.3586180546"," 1.156619939","3.7441919","4.752771","4.175686"," 5.262204"
"1998-01-01"," 2.3309603965"," 1.098092875","3.7043705","4.746547","4.164635"," 5.260087"
"1998-02-01"," 2.2897699128"," 1.038546745","3.6320278","4.751444","4.172646"," 5.268273"
"1998-03-01"," 2.3090691593"," 1.116765409","3.6944015","4.775050","4.200865"," 5.286531"
"1998-04-01"," 2.4185751206"," 1.145020096","3.8753023","4.686803","4.061205"," 5.220437"
"1998-05-01"," 2.4303761369"," 1.191717157","3.9099001","4.701098","4.075820"," 5.233314"
"1998-06-01"," 2.3909471546"," 1.182591605","3.8086870","4.724344","4.123348"," 5.247795"
"1998-07-01"," 2.3762630181"," 1.177652724","3.8231788","4.746838","4.136279"," 5.269576"
"1998-08-01"," 2.3126355021"," 1.101654018","3.7252399","4.761270","4.160562"," 5.282621"
"1998-09-01"," 2.1624864083"," 0.922049200","3.4489701","4.787027","4.219646"," 5.304092"
"1998-10-01"," 2.0355841778"," 0.643458204","3.2849342","4.777423","4.196941"," 5.319203"
"1998-11-01"," 2.0168589878"," 0.554787408","3.2632467","4.745570","4.155364"," 5.300963"
"1998-12-01"," 1.9647051189"," 0.393930440","3.2195877","4.744239","4.131758"," 5.323949"
"1999-01-01"," 1.9941047499"," 0.390314449","3.2678368","4.709973","4.082356"," 5.299191"
"1999-02-01"," 2.0966818831"," 0.698682279","3.3658237","4.715641","4.117059"," 5.264784"
"1999-03-01"," 2.1693387985"," 0.750668157","3.4726232","4.670662","4.051138"," 5.227380"
"1999-04-01"," 2.0743722211"," 0.626892754","3.3543411","4.708972","4.090881"," 5.268733"
"1999-05-01"," 2.1246710842"," 0.685689083","3.4298255","4.682278","4.051620"," 5.243976"
"1999-06-01"," 2.0859163779"," 0.673954820","3.3626260","4.704168","4.089238"," 5.260283"
"1999-07-01"," 2.0720178192"," 0.675042089","3.3489018","4.718661","4.105762"," 5.273747"
"1999-08-01"," 2.2148647155"," 0.918195107","3.5686849","4.686997","4.062417"," 5.234444"
"1999-09-01"," 2.2768067225"," 1.012935743","3.7208023","4.688619","4.040495"," 5.243916"
"1999-10-01"," 2.1369345308"," 0.736915932","3.4742007","4.674959","4.027146"," 5.246364"
"1999-11-01"," 2.2702232159"," 0.980882752","3.6957376","4.666293","4.008897"," 5.224850"
"1999-12-01"," 2.1141582527"," 0.691127637","3.4460567","4.660562","4.003448"," 5.238903"
"2000-01-01"," 2.2200858327"," 0.895526617","3.6294892","4.660137","3.997245"," 5.234576"
"2000-02-01"," 2.2651819646"," 1.022255979","3.7342861","4.690400","4.029810"," 5.254059"
"2000-03-01"," 2.2001775174"," 0.906559420","3.6047286","4.676586","4.016350"," 5.244399"
"2000-04-01"," 2.2549259836"," 0.931897102","3.6803692","4.619387","3.937610"," 5.198522"
"2000-05-01"," 2.3357600405"," 1.134995898","3.8852817","4.674662","3.989456"," 5.245972"
"2000-06-01"," 2.3601083089"," 1.178765125","3.9582596","4.686666","3.996441"," 5.262386"
"2000-07-01"," 2.2453321892"," 1.056408296","3.7098553","4.700788","4.037369"," 5.263285"
"2000-08-01"," 2.1818682248"," 1.017921730","3.6140114","4.736580","4.090567"," 5.288648"
"2000-09-01"," 2.1749420102"," 0.949052347","3.5727082","4.691344","4.024981"," 5.255623"
"2000-10-01"," 2.2248576878"," 1.023386624","3.6829073","4.687330","4.008698"," 5.259499"
"2000-11-01"," 2.1933343952"," 0.992128771","3.6209042","4.694126","4.018980"," 5.268246"
"2000-12-01"," 2.1234116780"," 0.907616402","3.4598869","4.692956","4.033599"," 5.256724"
"2001-01-01"," 1.8414849311"," 0.541681024","3.0355595","4.785688","4.160445"," 5.352594"
"2001-02-01"," 1.7461892530"," 0.344154745","2.8937692","4.781031","4.148071"," 5.365961"
"2001-03-01"," 1.7307807750"," 0.375072813","2.8604763","4.792123","4.173284"," 5.362849"
"2001-04-01"," 1.6075979027"," 0.129515038","2.7164657","4.804028","4.170392"," 5.404613"
"2001-05-01"," 1.5125599034","-0.301353088","2.6898518","4.736731","4.007176"," 5.421138"
"2001-06-01"," 1.4968907565","-0.257275913","2.6518185","4.764639","4.058122"," 5.432710"
"2001-07-01"," 1.4523744254","-0.330598158","2.6121421","4.778477","4.064563"," 5.455254"
"2001-08-01"," 1.4250694506","-0.136756640","2.5014100","4.847113","4.206763"," 5.463876"
"2001-09-01"," 1.2986093151","-0.462086663","2.4157039","4.838598","4.139242"," 5.513400"
"2001-10-01"," 1.1315005610","-0.754091532","2.2604544","4.935432","4.225968"," 5.650533"
"2001-11-01"," 1.0334335714","-0.993276200","2.1867877","4.964037","4.218834"," 5.717592"
"2001-12-01"," 1.0181178813","-0.946700357","2.1541927","4.969263","4.239187"," 5.708160"
"2002-01-01"," 1.0839915076","-0.733030905","2.1725752","4.955232","4.260517"," 5.644731"
"2002-02-01"," 1.2014482160","-0.336777313","2.2149444","4.957779","4.339332"," 5.568583"
"2002-03-01"," 1.2362117100","-0.295132859","2.2641234","4.929042","4.304763"," 5.542589"
"2002-04-01"," 1.1724215232","-0.383143487","2.1897499","4.962977","4.333642"," 5.583414"
"2002-05-01"," 1.2011351116","-0.344071376","2.2215493","4.930929","4.293048"," 5.548468"
"2002-06-01"," 1.1642788909","-0.457356493","2.2089501","4.923751","4.260545"," 5.562995"
"2002-07-01"," 1.2009177241","-0.341561658","2.2235794","4.924327","4.283802"," 5.542658"
"2002-08-01"," 1.2632979504","-0.226100516","2.2856985","4.889027","4.248658"," 5.493190"
"2002-09-01"," 1.2297537473","-0.333127094","2.2752842","4.873210","4.207032"," 5.500290"
"2002-10-01"," 1.0439794953","-1.020563024","2.2284122","4.835744","4.009267"," 5.611444"
"2002-11-01"," 1.1092866640","-0.529818814","2.1531833","4.909899","4.223314"," 5.561005"
"2002-12-01"," 1.0716053993","-0.502238184","2.0876022","4.943191","4.280875"," 5.579316"
"2003-01-01"," 1.1624944487","-0.431207630","2.2014401","4.862174","4.170481"," 5.502254"
"2003-02-01"," 1.1387581147","-0.457441224","2.1693906","4.872043","4.175840"," 5.516589"
"2003-03-01"," 1.1808468525","-0.331432051","2.1892329","4.866700","4.193639"," 5.485432"
"2003-04-01"," 1.1519918139","-0.324754797","2.1421288","4.890018","4.231517"," 5.502155"
"2003-05-01"," 1.1533188714","-0.180993716","2.0952496","4.933366","4.325521"," 5.505132"
"2003-06-01"," 1.0541798969","-0.270852262","1.9708697","4.989739","4.392875"," 5.567386"
"2003-07-01"," 1.0670089576","-0.368652538","2.0276368","4.936415","4.283091"," 5.547570"
"2003-08-01"," 1.1749460238","-0.160271023","2.1093070","4.887842","4.251328"," 5.466023"
"2003-09-01"," 1.2092119452","-0.102865659","2.1337454","4.868542","4.232018"," 5.440379"
"2003-10-01"," 1.2653272867","-0.035723839","2.1980110","4.825972","4.174950"," 5.395889"
"2003-11-01"," 1.3291350095","-0.042694888","2.3021027","4.741887","4.043250"," 5.335475"
"2003-12-01"," 1.3736024983","-0.014289756","2.3599401","4.696094","3.975947"," 5.300904"
"2004-01-01"," 1.3716718619","-0.005071853","2.3629254","4.695558","3.968569"," 5.305318"
"2004-02-01"," 1.4092741203"," 0.015424930","2.4091169","4.657545","3.906186"," 5.280260"
"2004-03-01"," 1.3470730601"," 0.007878082","2.3013835","4.726019","4.014047"," 5.332565"
"2004-04-01"," 1.4362591624"," 0.120364293","2.4065957","4.667992","3.937044"," 5.280277"
"2004-05-01"," 1.4599182519"," 0.158245093","2.4259958","4.646899","3.909728"," 5.261868"
"2004-06-01"," 1.4984445026"," 0.243463516","2.4514560","4.640708","3.911917"," 5.244372"
"2004-07-01"," 1.5836148211"," 0.405980852","2.5168085","4.611578","3.906500"," 5.193259"
"2004-08-01"," 1.6673159826"," 0.590580074","2.5801351","4.599403","3.935659"," 5.148653"
"2004-09-01"," 1.6673117108"," 0.603952363","2.5741171","4.612154","3.953257"," 5.160914"
"2004-10-01"," 1.6234190629"," 0.586898829","2.5088662","4.657400","4.017787"," 5.198001"
"2004-11-01"," 1.6646704419"," 0.642540296","2.5497695","4.644662","4.009482"," 5.186249"
"2004-12-01"," 1.6652254320"," 0.689460148","2.5361177","4.665637","4.051507"," 5.191204"
"2005-01-01"," 1.6830870551"," 0.656664351","2.5795952","4.643218","3.993935"," 5.192924"
"2005-02-01"," 1.6578691740"," 0.714781656","2.5283062","4.701462","4.100329"," 5.224710"
"2005-03-01"," 1.7214747682"," 0.735357764","2.6187372","4.638344","3.997339"," 5.176505"
"2005-04-01"," 1.7255499297"," 0.770532620","2.6045201","4.645269","4.027905"," 5.173251"
"2005-05-01"," 1.7621303455"," 0.836783081","2.6538353","4.644583","4.036073"," 5.168004"
"2005-06-01"," 1.7877299770"," 0.825573371","2.6856847","4.597630","3.967957"," 5.125970"
"2005-07-01"," 1.7908149560"," 0.869259497","2.6873171","4.621415","4.011027"," 5.139752"
"2005-08-01"," 1.8172253552"," 0.910833537","2.7188402","4.615105","4.009018"," 5.132908"
"2005-09-01"," 1.7503270142"," 0.823690328","2.6250596","4.647961","4.048084"," 5.168395"
"2005-10-01"," 1.7313956950"," 0.819864586","2.6159073","4.682945","4.087113"," 5.203806"
"2005-11-01"," 1.7214633044"," 0.833222190","2.6154200","4.715222","4.127271"," 5.235092"
"2005-12-01"," 1.7552435215"," 0.877083685","2.6644292","4.701488","4.112238"," 5.221493"
"2006-01-01"," 1.8155941620"," 0.886763418","2.7534268","4.635835","4.008245"," 5.169698"
"2006-02-01"," 1.7916865012"," 0.928617851","2.7531447","4.717021","4.116362"," 5.244248"
"2006-03-01"," 1.7923378420"," 0.892335831","2.7460789","4.681781","4.065319"," 5.221075"
"2006-04-01"," 1.7805639295"," 0.895353933","2.7712099","4.713858","4.093607"," 5.260390"
"2006-05-01"," 1.7789486515"," 0.858009301","2.7486176","4.681543","4.050551"," 5.234866"
"2006-06-01"," 1.7556092761"," 0.823570321","2.7266455","4.692333","4.058541"," 5.247609"
"2006-07-01"," 1.7051623702"," 0.805425931","2.6556307","4.744277","4.141743"," 5.286218"
"2006-08-01"," 1.6718505546"," 0.750318618","2.6032399","4.747645","4.146354"," 5.290582"
"2006-09-01"," 1.7393257822"," 0.764622798","2.6863141","4.654251","4.020034"," 5.212843"
"2006-10-01"," 1.7932872985"," 0.803343907","2.7730860","4.612138","3.955185"," 5.181989"
"2006-11-01"," 1.7729534249"," 0.825131161","2.7650097","4.659271","4.026562"," 5.219232"
"2006-12-01"," 1.7985235850"," 0.839833647","2.8173604","4.642098","3.998399"," 5.211024"
"2007-01-01"," 1.6540899194"," 0.667060248","2.6143006","4.718599","4.086311"," 5.288149"
"2007-02-01"," 1.6789400518"," 0.677951495","2.6568755","4.694577","4.047473"," 5.273227"
"2007-03-01"," 1.7163069594"," 0.689932675","2.7100709","4.647350","3.981117"," 5.235477"
"2007-04-01"," 1.6775592855"," 0.692338790","2.6780489","4.708941","4.064750"," 5.288583"
"2007-05-01"," 1.7135315955"," 0.735297647","2.7579289","4.697370","4.042761"," 5.284743"
"2007-06-01"," 1.6306296837"," 0.674242812","2.6570638","4.773138","4.143191"," 5.352702"
"2007-07-01"," 1.5764144152"," 0.637973546","2.6024570","4.828986","4.213755"," 5.404214"
"2007-08-01"," 1.5484738696"," 0.513386971","2.5059607","4.744380","4.107435"," 5.327698"
"2007-09-01"," 1.5016398556"," 0.459838264","2.4567183","4.783506","4.149499"," 5.372403"
"2007-10-01"," 1.4513244778"," 0.319198733","2.3985294","4.756160","4.091042"," 5.371816"
"2007-11-01"," 1.4311458007"," 0.200769639","2.3877126","4.716866","4.017688"," 5.359757"
"2007-12-01"," 1.2421481899","-0.120780046","2.1904900","4.791029","4.075457"," 5.475495"
"2008-01-01"," 1.2074173057","-0.269368398","2.1826685","4.766511","4.013901"," 5.492243"
"2008-02-01"," 1.1902664428","-0.728874114","2.3096678","4.625917","3.683518"," 5.498952"
"2008-03-01"," 1.1368377091","-0.776303634","2.2409958","4.668484","3.742108"," 5.535744"
"2008-04-01"," 1.1809367816","-0.875250424","2.3518310","4.581073","3.576902"," 5.499694"
"2008-05-01"," 1.0215161817","-1.064237327","2.1659433","4.695383","3.720843"," 5.630298"
"2008-06-01"," 0.9509761706","-0.999285183","2.0348983","4.794406","3.893031"," 5.677683"
"2008-07-01"," 0.8820185951","-0.976543334","1.9240015","4.876839","4.032713"," 5.724189"
"2008-08-01"," 0.7648286191","-1.018193407","1.7685234","4.983720","4.189839"," 5.818782"
"2008-09-01"," 0.7401018081","-1.206965768","1.7990391","4.940782","4.090317"," 5.834820"
"2008-10-01"," 0.5061744080","-1.904579295","1.7035605","4.972261","3.962767"," 6.059904"
"2008-11-01"," 0.3928046335","-2.042111058","1.6005373","5.047203","4.033659"," 6.162431"
"2008-12-01"," 0.2400325517","-1.902467602","1.3636081","5.246725","4.341613"," 6.288538"
"2009-01-01"," 0.1073749984","-1.623635099","1.1280515","5.483244","4.703412"," 6.425112"
"2009-02-01","-0.0432955774","-1.558286773","0.9214688","5.712157","4.992580"," 6.616620"
"2009-03-01","-0.2164555011","-1.772961011","0.7819230","5.844015","5.095074"," 6.808278"
"2009-04-01","-0.3251536045","-1.871969964","0.6855059","5.950316","5.195314"," 6.931818"
"2009-05-01","-0.4649162771","-2.054308274","0.5812932","6.073752","5.288806"," 7.105587"
"2009-06-01","-0.4445127656","-1.942251185","0.5867933","6.103826","5.338551"," 7.115976"
"2009-07-01","-0.3864552499","-1.824408616","0.6267595","6.072704","5.323927"," 7.052589"
"2009-08-01","-0.3906528302","-1.806301247","0.6218611","6.083464","5.332200"," 7.059644"
"2009-09-01","-0.4775895024","-1.943145491","0.5593083","6.128356","5.351417"," 7.141624"
"2009-10-01","-0.6137268404","-2.225572532","0.4712628","6.178754","5.350809"," 7.259136"
"2009-11-01","-0.6327361334","-2.383840364","0.4812582","6.068842","5.206158"," 7.160340"
"2009-12-01","-0.6218457570","-2.387233290","0.4940622","6.029351","5.164422"," 7.109028"
"2010-01-01","-0.5877196450","-2.399445682","0.5384338","5.944103","5.068086"," 7.009506"
"2010-02-01","-0.5577266816","-2.369796788","0.5563025","5.903899","5.034553"," 6.951873"
"2010-03-01","-0.5722039172","-2.320164670","0.5229301","5.940279","5.080094"," 6.967244"
"2010-04-01","-0.5550043877","-2.220099187","0.5203998","5.947701","5.109256"," 6.953496"
"2010-05-01","-0.3984801296","-1.943862448","0.6257424","5.840249","5.056859"," 6.760608"
"2010-06-01","-0.3292069211","-1.928633158","0.7059929","5.717153","4.921310"," 6.625929"
"2010-07-01","-0.3044595163","-1.826378416","0.7087932","5.716921","4.937624"," 6.602783"
"2010-08-01","-0.3775330271","-1.909982108","0.6460802","5.766195","4.977042"," 6.671612"
"2010-09-01","-0.3829483085","-1.846808847","0.6204894","5.800556","5.028828"," 6.691096"
"2010-10-01","-0.3702721444","-1.815116281","0.6301040","5.778451","5.015399"," 6.653001"
"2010-11-01","-0.4704918373","-1.758430687","0.5092730","6.014440","5.275572"," 6.908386"
"2010-12-01","-0.3277312439","-1.657212680","0.6414945","5.781556","5.048044"," 6.617372"
"2011-01-01","-0.2657696153","-1.692302701","0.7188416","5.649062","4.901683"," 6.473862"
"2011-02-01","-0.2400278745","-1.701005034","0.7548894","5.588757","4.827359"," 6.415768"
"2011-03-01","-0.2722792334","-1.813078001","0.7462271","5.560033","4.772953"," 6.407152"
"2011-04-01","-0.3555618067","-1.925835301","0.6748418","5.609646","4.805543"," 6.477255"
"2011-05-01","-0.3976547388","-2.125536547","0.6814311","5.554952","4.704164"," 6.463182"
"2011-06-01","-0.4360313194","-2.103200272","0.6253013","5.600011","4.761663"," 6.498026"
"2011-07-01","-0.4246762017","-2.180728342","0.6654127","5.524236","4.656809"," 6.437464"
"2011-08-01","-0.4409175627","-2.271357114","0.6767796","5.486567","4.592616"," 6.410743"
"2011-09-01","-0.4248554999","-2.223792886","0.6823784","5.465857","4.585273"," 6.375935"
"2011-10-01","-0.3287268383","-2.124202298","0.7789985","5.356215","4.479797"," 6.240753"
"2011-11-01","-0.2265367311","-1.993137019","0.8703265","5.268853","4.405954"," 6.120924"
"2011-12-01","-0.2037745444","-2.039164659","0.9191848","5.202266","4.314110"," 6.059764"
"2012-01-01","-0.1959278989","-2.315967312","1.0249803","5.059150","4.068262"," 5.982362"
"2012-02-01","-0.1633308648","-2.111228556","0.9938549","5.096754","4.173906"," 5.967589"
"2012-03-01","-0.1617240760","-2.099138983","0.9900388","5.084486","4.165338"," 5.947154"
"2012-04-01","-0.1993916224","-2.126103433","0.9564271","5.094826","4.173118"," 5.957757"
"2012-05-01","-0.1996318903","-1.992877468","0.9131689","5.127202","4.251603"," 5.951340"
"2012-06-01","-0.2001919173","-1.908684451","0.8816340","5.152502","4.310691"," 5.949477"
"2012-07-01","-0.2648204943","-2.045648178","0.8499216","5.127158","4.261394"," 5.950699"
"2012-08-01","-0.2491255443","-2.058223939","0.8796285","5.072122","4.197205"," 5.894965"
"2012-09-01","-0.1134311595","-1.908400699","1.0231419","4.953907","4.087350"," 5.752178"
"2012-10-01","-0.2014661565","-2.188995935","1.0072704","4.907805","3.973641"," 5.759221"
"2012-11-01","-0.2371649662","-2.372728263","1.0347665","4.832452","3.836898"," 5.719789"
"2012-12-01","-0.2769991495","-2.157469011","0.8937398","4.965076","4.063919"," 5.796107"
"2013-01-01","-0.3792969081","-2.240229310","0.7762057","5.035484","4.140791"," 5.870873"
"2013-02-01","-0.1994754403","-1.921192568","0.9110714","4.961277","4.119775"," 5.733166"
"2013-03-01","-0.1847985664","-2.071823619","0.9992957","4.823563","3.915686"," 5.632135"
"2013-04-01","-0.1900227188","-1.942049212","0.9354856","4.878951","4.020512"," 5.647911"
"2013-05-01","-0.2448796123","-2.108277075","0.9423722","4.816221","3.914188"," 5.617512"
"2013-06-01","-0.3188497356","-2.274629322","0.8976046","4.796368","3.860355"," 5.625338"
"2013-07-01","-0.3037141533","-2.361164237","0.9625767","4.700599","3.715615"," 5.549969"
"2013-08-01","-0.2995241580","-2.410383297","1.0033000","4.638912","3.626025"," 5.499414"
"2013-09-01","-0.3506710558","-2.507211004","0.9754418","4.617028","3.581896"," 5.489695"
"2013-10-01","-0.3492943914","-2.479385991","0.9515855","4.620426","3.594466"," 5.491467"
"2013-11-01","-0.1968658187","-2.302465784","1.1051838","4.517736","3.493088"," 5.361534"
"2013-12-01","-0.1954602096","-2.449386430","1.1835422","4.396254","3.308716"," 5.284970"
"2014-01-01","-0.2522899409","-2.651110252","1.1980457","4.314548","3.155616"," 5.250307"
"2014-02-01","-0.2100646088","-2.341391090","1.1309366","4.407621","3.349340"," 5.275375"
"2014-03-01","-0.2850029975","-2.454581998","1.0600656","4.414888","3.337233"," 5.292341"
"2014-04-01","-0.1824250085","-2.598977183","1.3077574","4.175535","2.965903"," 5.114432"
"2014-05-01","-0.3088898590","-2.814939281","1.2136246","4.157467","2.901483"," 5.141038"
"2014-06-01","-0.2026554601","-2.667024865","1.3268430","4.075929","2.809494"," 5.055159"
"2014-07-01","-0.2179959197","-2.567847655","1.2542676","4.131198","2.908521"," 5.081999"
"2014-08-01","-0.1866687937","-2.480754606","1.2625454","4.110471","2.894151"," 5.046643"
"2014-09-01","-0.1521881119","-2.516277345","1.3518717","4.008698","2.736513"," 4.966661"
"2014-10-01","-0.0574967112","-2.428697342","1.4779720","3.909000","2.605584"," 4.879440"
"2014-11-01","-0.0533244085","-2.269025616","1.4153810","3.978802","2.750267"," 4.901367"
"2014-12-01"," 0.0426417637","-2.115776297","1.5116112","3.925809","2.711448"," 4.838520"
"2015-01-01","-0.0432246473","-2.149294714","1.3756497","3.989939","2.810560"," 4.887529"
"2015-02-01","-0.0414324815","-2.201627035","1.4344004","3.917672","2.706542"," 4.828061"
"2015-03-01","-0.1120931496","-2.426257722","1.4255338","3.841887","2.561834"," 4.797398"
"2015-04-01","-0.0702151740","-2.315622044","1.4361337","3.857799","2.606933"," 4.790217"
"2015-05-01","-0.1228642493","-2.217322237","1.2953266","3.980199","2.818184"," 4.864873"
"2015-06-01","-0.0272669247","-2.146932800","1.4369334","3.871962","2.674927"," 4.769269"
"2015-07-01","-0.0623669868","-2.273738740","1.4410651","3.813831","2.583171"," 4.738940"
"2015-08-01","-0.0004543334","-2.179599254","1.5007430","3.794983","2.589274"," 4.704345"
"2015-09-01","-0.1380465644","-2.518061784","1.4562294","3.701023","2.408869"," 4.678272"
"2015-10-01","-0.0928191994","-2.366744845","1.4508572","3.735124","2.493119"," 4.680435"
"2015-11-01","-0.1690576245","-2.407083459","1.3404408","3.800157","2.596378"," 4.734007"
"2015-12-01","-0.0164502197","-2.082644948","1.4462726","3.827132","2.700561"," 4.707101"
"2016-01-01","-0.0074575426","-2.192452272","1.5043598","3.751109","2.571667"," 4.654839"
"2016-02-01","-0.2281335114","-2.602998104","1.3434519","3.740616","2.509747"," 4.694750"
"2016-03-01","-0.2262570860","-2.526285530","1.2934505","3.789094","2.591397"," 4.721783"
"2016-04-01","-0.1988564337","-2.388781322","1.2582932","3.853688","2.697666"," 4.752703"
"2016-05-01","-0.0482208661","-2.221389021","1.4401151","3.730851","2.545431"," 4.638646"
"2016-06-01","-0.0673196689","-2.223380470","1.4013938","3.748035","2.584403"," 4.652616"
"2016-07-01","-0.0030889510","-2.146043846","1.4744478","3.693174","2.520107"," 4.596324"
"2016-08-01","-0.0254394501","-2.123431825","1.4345238","3.710740","2.558984"," 4.613237"
"2016-09-01","-0.0158458651","-2.068469184","1.3987629","3.736563","2.592570"," 4.626276"
"2016-10-01"," 0.1656493606","-1.778168412","1.5464659","3.694139","2.566250"," 4.560025"
"2016-11-01"," 0.3271691233","-1.643603449","1.7374559","3.561249","2.382109"," 4.446121"
"2016-12-01"," 0.5683751766","-1.175395724","1.8864875","3.616738","2.524204"," 4.433200"
"2017-01-01"," 0.6034601920","-1.143813515","1.9192904","3.601251","2.511886"," 4.421045"
"2017-02-01"," 0.7229838642","-0.985198028","2.0346676","3.559194","2.458263"," 4.376778"
"2017-03-01"," 0.9670646709","-0.594829874","2.2620488","3.553079","2.503639"," 4.332298"
"2017-04-01"," 0.9870195969","-0.538593793","2.2606479","3.599334","2.583575"," 4.358793"
"2017-05-01"," 1.0114289817","-0.450286164","2.2592818","3.643927","2.663965"," 4.380001"
"2017-06-01"," 1.0581912078","-0.393045516","2.3128618","3.642384","2.668567"," 4.371522"
"2017-07-01"," 1.0176386922","-0.427120014","2.2659296","3.669327","2.714407"," 4.393761"
"2017-08-01"," 0.9060817365","-0.536415534","2.1196875","3.723306","2.787750"," 4.441127"
"2017-09-01"," 0.9322019589","-0.537417913","2.1669979","3.685962","2.737408"," 4.412854"
"2017-10-01"," 0.9215846810","-0.625943232","2.1925213","3.620321","2.619424"," 4.373626"
"2017-11-01"," 0.9684005402","-0.560358137","2.2263456","3.616599","2.626755"," 4.370332"
"2017-12-01"," 1.0479162825","-0.470240906","2.3178083","3.599844","2.605984"," 4.350056"
"2018-01-01"," 1.0916658404","-0.456585947","2.3889128","3.577669","2.562369"," 4.340122"
"2018-02-01"," 1.0864034735","-0.401250956","2.3487297","3.654083","2.685548"," 4.392716"
"2018-03-01"," 1.1072086271","-0.420694530","2.3932953","3.633642","2.648983"," 4.377196"
"2018-04-01"," 1.0337250885","-0.552660946","2.3199452","3.611803","2.599824"," 4.373462"
"2018-05-01"," 1.1293450071","-0.504764430","2.4481016","3.545267","2.501019"," 4.324873"
"2018-06-01"," 1.0916330161","-0.475112553","2.3586867","3.643997","2.655535"," 4.389943"
"2018-07-01"," 1.1897610788","-0.389070613","2.4891541","3.591953","2.579960"," 4.344536"
"2018-08-01"," 1.1479294087","-0.494334234","2.4615318","3.569533","2.520174"," 4.339448"
"2018-09-01"," 1.1971219002","-0.486337889","2.5284139","3.549033","2.482759"," 4.327289"
"2018-10-01"," 1.2817300060","-0.248864918","2.5710592","3.686602","2.720564"," 4.404877"
"2018-11-01"," 1.2422389230","-0.309558945","2.5460785","3.713714","2.752444"," 4.434207"
"2018-12-01"," 1.1134446727","-0.506926255","2.4046162","3.736458","2.764679"," 4.468985"
"2019-01-01"," 1.1310150088","-0.396555123","2.3859634","3.836484","2.924538"," 4.531435"
"2019-02-01"," 1.2558960008","-0.267142566","2.5645429","3.807912","2.895654"," 4.500431"
"2019-03-01"," 1.2197776920","-0.372349283","2.5471889","3.799756","2.878555"," 4.504391"
"2019-04-01"," 1.2077818762","-0.481848368","2.5811358","3.767364","2.811777"," 4.492208"
"2019-05-01"," 1.1650346497","-0.663285105","2.5873574","3.714825","2.707412"," 4.467033"
"2019-06-01"," 1.1045363944","-0.810666117","2.5511444","3.728687","2.710600"," 4.490794"
"2019-07-01"," 0.9967217182","-1.015321503","2.4314519","3.781038","2.764486"," 4.541292"
"2019-08-01"," 0.8031041922","-1.642193937","2.3235501","3.670052","2.523029"," 4.518064"
"2019-09-01"," 0.7640276831","-1.885685744","2.3684116","3.603531","2.381031"," 4.497271"
"2019-10-01"," 0.7162998803","-2.037308187","2.3073743","3.636662","2.412239"," 4.535805"
"2019-11-01"," 0.6484427542","-2.326022091","2.3000474","3.599863","2.315537"," 4.542734"
"2019-12-01"," 0.7728914485","-2.015481434","2.3759861","3.661043","2.444299"," 4.557476"
"2020-01-01"," 0.8156365381","-1.931995678","2.4102193","3.693090","2.502385"," 4.576914"
"2020-02-01"," 0.8568859061","-1.943441082","2.4840402","3.669143","2.451201"," 4.562841"
"2020-03-01"," 0.0389596582","-3.861081992","1.8349242","3.756467","2.321376"," 4.843029"
"2020-04-01","-2.7305874213","-7.016810573","0.4684457","7.909130","6.231794","10.466836"
"2020-05-01","-2.2603810400","-6.044685444","0.8649384","7.759126","6.203390","10.156974"
"2020-06-01","-1.3823922688","-4.134480297","0.7478170","6.748270","5.636371"," 8.362660"
"2020-07-01","-0.8843655942","-3.115386380","0.7157634","6.060565","5.166488"," 7.249186"
"2020-08-01","-0.1304139740","-2.196928370","1.1052597","4.955209","4.130513"," 5.737610"
"2020-09-01"," 0.2470588217","-1.929629173","1.5331007","4.522515","3.617936"," 5.266272"
"2020-10-01"," 0.3835872293","-2.004244727","1.7201862","4.292689","3.324451"," 5.057138"
"2020-11-01"," 0.3964176906","-1.902448520","1.6844049","4.328188","3.414867"," 5.068527"
"2020-12-01"," 0.2657259142","-2.154218455","1.5565350","4.393432","3.470744"," 5.166073"
"2021-01-01"," 0.3252783238","-2.087974248","1.6223649","4.375588","3.444290"," 5.146843"
"2021-02-01"," 0.3629010529","-2.105982014","1.6809548","4.327449","3.371974"," 5.109369"
"2021-03-01"," 0.3710309921","-2.126916332","1.7080318","4.323159","3.330761"," 5.122018"
"2021-04-01"," 0.2041396795","-2.752293319","1.6964461","4.254900","3.076357"," 5.175163"
"2021-05-01"," 0.1127894329","-3.592777450","1.8367660","4.010009","2.556547"," 5.090964"
"2021-06-01"," 0.2041020143","-3.269756689","1.8591771","4.059840","2.653020"," 5.106484"
"2021-07-01"," 0.4483831746","-2.957316387","2.1186761","3.894108","2.443605"," 4.936981"
"2021-08-01"," 0.6976206040","-2.477551838","2.3367030","3.812904","2.397746"," 4.809585"
"2021-09-01"," 0.8938427320","-2.275617863","2.5642757","3.665431","2.219781"," 4.666124"
"2021-10-01"," 0.9446134989","-2.356173001","2.6826426","3.580450","2.061913"," 4.626148"
"2021-11-01"," 1.0506577543","-2.439433489","2.9115013","3.421593","1.773550"," 4.537816"
"2021-12-01"," 1.1230434856","-2.414077738","3.0376568","3.356526","1.649061"," 4.519687"
"2022-01-01"," 1.1965170913","-2.026826716","3.0014138","3.459577","1.852348"," 4.569248"
"2022-02-01"," 1.3360570956","-1.549839965","3.0696138","3.500209","1.976587"," 4.564604"
"2022-03-01"," 1.5163418229","-1.201535800","3.2223798","3.475965","1.984452"," 4.510052"
"2022-04-01"," 1.6671591591","-0.705203336","3.2832461","3.550618","2.184293"," 4.518081"
"2022-05-01"," 1.8921478023"," 0.001379446","3.4127158","3.668799","2.484253"," 4.520337"
"2022-06-01"," 1.9296955078"," 0.224863506","3.4265289","3.775085","2.675519"," 4.591474"
"2022-07-01"," 1.9980096057"," 0.412152776","3.4476597","3.814066","2.788044"," 4.583494"
"2022-08-01"," 1.9696307393"," 0.526107128","3.3904726","3.963951","3.015586"," 4.701257"
"2022-09-01"," 1.9223974594"," 0.411498713","3.3180019","3.939042","2.968144"," 4.685781"
"2022-10-01"," 1.9015221463"," 0.464058196","3.2400253","4.010022","3.094987"," 4.728199"
"2022-11-01"," 2.0044559008"," 0.767448152","3.3593123","4.120057","3.301502"," 4.788986"
"2022-12-01"," 2.0230867408"," 0.790961826","3.3710089","4.129992","3.327946"," 4.789864"
"2023-01-01"," 1.9980858700"," 0.777695115","3.3622721","4.171757","3.365295"," 4.831453"
"2023-02-01"," 1.9300959066"," 0.727947064","3.2501606","4.223510","3.449223"," 4.863143"
"2023-03-01"," 1.9143894090"," 0.675659595","3.2076856","4.196393","3.412998"," 4.835698"
"2023-04-01"," 1.9336545999"," 0.683096735","3.2462870","4.192330","3.400329"," 4.834539"
"2023-05-01"," 1.8528717365"," 0.639790717","3.1166867","4.281185","3.536283"," 4.903519"
"2023-06-01"," 1.8076278100"," 0.554446278","3.0319705","4.278212","3.529747"," 4.896586"
"2023-07-01"," 1.9151146739"," 0.719685489","3.1850085","4.275651","3.540680"," 4.882237"
"2023-08-01"," 1.8272549752"," 0.648222227","3.0460540","4.347345","3.652329"," 4.930835"
"2023-09-01"," 1.8543126379"," 0.723736052","3.1280251","4.388156","3.698813"," 4.975209"
"2023-10-01"," 1.7807569865"," 0.666735416","3.0060478","4.451522","3.793002"," 5.021343"
"2023-11-01"," 1.8356537219"," 0.679546595","3.0950553","4.397973","3.714575"," 4.975546"
"2023-12-01"," 1.7787790047"," 0.613724572","3.0162265","4.430183","3.754671"," 5.005779"
"2024-01-01"," 1.7571701015"," 0.548516862","3.0501999","4.434329","3.726982"," 5.038055"
"2024-02-01"," 1.7262199497"," 0.566999212","3.0504155","4.509637","3.816061"," 5.105447"
"2024-03-01"," 1.6681812151"," 0.474681095","3.0040411","4.530335","3.829662"," 5.142860"
"2024-04-01"," 1.6507727042"," 0.442728503","2.9763805","4.540594","3.846217"," 5.148183"
"2024-05-01"," 1.6790353023"," 0.492240828","3.0112773","4.539445","3.854978"," 5.132541"
"2024-06-01"," 1.6060456548"," 0.430154022","2.9183524","4.602540","3.942134"," 5.194093"
"2024-07-01"," 1.5632269489"," 0.390035820","2.8350794","4.627115","3.986003"," 5.205696"
"2024-08-01"," 1.5068996020"," 0.262571614","2.7260100","4.611544","3.964377"," 5.189422"
"2024-09-01"," 1.4027459813","-0.110183486","2.5627141","4.554001","3.858416"," 5.163439"
"2024-10-01"," 1.3393694347","-0.336214265","2.5087785","4.539680","3.811926"," 5.180501"
"2024-11-01"," 1.2725884824","-0.550460975","2.4236372","4.542921","3.799985"," 5.199640"
"2024-12-01"," 1.2531609051","-0.782330489","2.4283238","4.505179","3.714814"," 5.193145"
"2025-01-01"," 1.2363369215","-0.988345174","2.4498779","4.479210","3.646175"," 5.200570"
"2025-02-01"," 1.2941169957","-0.485610818","2.5243268","4.578132","3.827560"," 5.252635"
"2025-03-01"," 1.2848390678","-0.521405795","2.4916278","4.566398","3.823979"," 5.223637"
"2025-04-01"," 1.3504057167","-0.296648852","2.5746830","4.584236","3.860313"," 5.218439"
"2025-05-01"," 1.2594624577","-0.474856369","2.4653802","4.625107","3.906578"," 5.268278"
"2025-06-01"," 1.1917003223","-0.955674091","2.4375067","4.549998","3.748028"," 5.261728"
"2025-07-01"," 1.1583972237","-0.950407431","2.3866119","4.598736","3.818785"," 5.300848"
"2025-08-01"," 1.1270466270","-1.065157958","2.3615913","4.601971","3.817727"," 5.315896"
"2025-09-01"," 1.0330437075","-1.380129510","2.2708931","4.623072","3.815622"," 5.368365"
"2025-10-01"," 1.0083555030","-1.491457513","2.2579397","4.623940","3.798106"," 5.388546"
"2025-11-01"," 0.9485365461","-1.699344325","2.2046839","4.637906","3.800198"," 5.426683"
"2025-12-01"," 0.8374331265","-2.466907285","2.2084750","4.592154","3.628134"," 5.492862"
"2026-01-01"," 0.8497954137","-2.701211879","2.2733152","4.555115","3.516797"," 5.507186"
