,KC Fed Model-Based Natural Rate of Interest,,,KC Fed Model-Based Natural Unemployment Rate,,
Date,Point Estimate,Lower (68%),Upper (68%),Point Estimate,Lower (68%),Upper (68%)
"1966-07-01"," 1.9441442970"," 0.95471320215","2.8605155","4.590089","3.559770"," 5.651600"
"1966-08-01"," 1.9514162506"," 1.01846463277","2.8332386","4.586070","3.611698"," 5.588756"
"1966-09-01"," 1.9949453473"," 1.02069035062","2.9017700","4.514945","3.470283"," 5.538004"
"1966-10-01"," 1.9813693511"," 1.00447120480","2.8943962","4.530253","3.486264"," 5.568858"
"1966-11-01"," 2.0302204636"," 1.06461586624","2.9342868","4.461396","3.407493"," 5.471207"
"1966-12-01"," 2.0555382153"," 1.08360098854","2.9412340","4.393795","3.309653"," 5.374711"
"1967-01-01"," 2.1305269978"," 1.23313673413","2.9608810","4.291744","3.238585"," 5.154430"
"1967-02-01"," 2.1392598358"," 1.25657862738","2.9717367","4.290716","3.251532"," 5.152791"
"1967-03-01"," 2.2289099584"," 1.33736045295","3.0870348","4.158631","3.041071"," 4.995963"
"1967-04-01"," 2.3021365546"," 1.32925200242","3.2341609","4.042285","2.773579"," 4.939769"
"1967-05-01"," 2.2510400398"," 1.31411734391","3.1578833","4.128187","2.946039"," 5.015956"
"1967-06-01"," 2.1876699425"," 1.26785520997","3.0634483","4.224624","3.112711"," 5.110938"
"1967-07-01"," 2.1867625272"," 1.20765862927","3.1093898","4.225351","3.054188"," 5.188004"
"1967-08-01"," 2.1447389241"," 1.15934964045","3.0676394","4.294231","3.142956"," 5.288002"
"1967-09-01"," 2.1261462370"," 1.10416572477","3.0698531","4.321671","3.140340"," 5.371502"
"1967-10-01"," 2.0812329862"," 1.05365358192","3.0170003","4.379620","3.212585"," 5.449060"
"1967-11-01"," 2.0386820618"," 1.02941326452","2.9601507","4.460510","3.345260"," 5.553194"
"1967-12-01"," 2.0292721944"," 1.07705827329","2.9250942","4.492128","3.441715"," 5.548878"
"1968-01-01"," 2.0236697469"," 1.00745568873","2.9617682","4.503233","3.384815"," 5.645124"
"1968-02-01"," 2.0376648796"," 1.00517861513","2.9901082","4.474000","3.315437"," 5.640353"
"1968-03-01"," 2.0143841425"," 0.99091973564","2.9673277","4.525666","3.378616"," 5.714824"
"1968-04-01"," 1.9550958651"," 0.94023862835","2.9082598","4.635143","3.540516"," 5.862171"
"1968-05-01"," 1.9244270431"," 0.92742154172","2.8650962","4.678300","3.605597"," 5.907077"
"1968-06-01"," 1.9411829995"," 0.96937956677","2.8506814","4.637708","3.565385"," 5.811089"
"1968-07-01"," 1.9880873217"," 1.06237397772","2.8631070","4.581139","3.526720"," 5.673268"
"1968-08-01"," 2.0113859781"," 1.08274730785","2.9006178","4.566672","3.492920"," 5.675668"
"1968-09-01"," 2.0978214813"," 1.15338432678","3.0083825","4.458639","3.310146"," 5.558170"
"1968-10-01"," 2.0434999878"," 1.10146878458","2.9520926","4.551089","3.429621"," 5.691022"
"1968-11-01"," 2.0642874664"," 1.12425910436","2.9681664","4.535931","3.406573"," 5.652911"
"1968-12-01"," 2.0364785616"," 1.14820903074","2.8982340","4.595574","3.536288"," 5.659078"
"1969-01-01"," 1.9794543101"," 1.08710046959","2.8391886","4.682197","3.646276"," 5.773944"
"1969-02-01"," 1.9016474733"," 1.03532106625","2.7423230","4.802991","3.828169"," 5.905277"
"1969-03-01"," 1.8377217630"," 0.92965781613","2.7011668","4.900301","3.907143"," 6.096139"
"1969-04-01"," 1.7169851408"," 0.79336014309","2.5804975","5.085508","4.126968"," 6.373789"
"1969-05-01"," 1.4727571993"," 0.40185134186","2.4133262","5.449863","4.470388"," 7.052072"
"1969-06-01"," 1.5036140172"," 0.51112939812","2.3838206","5.395694","4.470491"," 6.868549"
"1969-07-01"," 1.5715158046"," 0.62245704989","2.4246166","5.287995","4.347888"," 6.668676"
"1969-08-01"," 1.4794186258"," 0.51224378232","2.3341010","5.436698","4.524619"," 6.878608"
"1969-09-01"," 1.4408106346"," 0.47847016177","2.2738803","5.471849","4.577993"," 6.907820"
"1969-10-01"," 1.4397043583"," 0.48097335285","2.2695295","5.469521","4.572733"," 6.902196"
"1969-11-01"," 1.5123407385"," 0.59131563893","2.3252102","5.372283","4.469574"," 6.723087"
"1969-12-01"," 1.4634003239"," 0.51697184716","2.2854088","5.445020","4.534241"," 6.853852"
"1970-01-01"," 1.4079015586"," 0.48617619520","2.1873257","5.499436","4.639677"," 6.863616"
"1970-02-01"," 1.2878707830"," 0.30709322949","2.0834769","5.651070","4.771634"," 7.129996"
"1970-03-01"," 1.5338272016"," 0.74359374307","2.2150066","5.275252","4.457768"," 6.346937"
"1970-04-01"," 1.2514332380"," 0.27614728041","2.0187687","5.678048","4.819055"," 7.109590"
"1970-05-01"," 1.2474868965"," 0.29956534118","1.9982341","5.671918","4.829083"," 7.058061"
"1970-06-01"," 1.2924274458"," 0.39122725404","2.0162291","5.608998","4.789504"," 6.909283"
"1970-07-01"," 1.3510627226"," 0.48856333892","2.0581074","5.519108","4.697252"," 6.740704"
"1970-08-01"," 1.4259527321"," 0.61446841888","2.0990790","5.416142","4.610503"," 6.530589"
"1970-09-01"," 1.3828871044"," 0.54527880776","2.0658129","5.461819","4.638394"," 6.621727"
"1970-10-01"," 1.2744585838"," 0.34328300545","2.0108178","5.615013","4.735902"," 6.939937"
"1970-11-01"," 1.2837812718"," 0.33125671198","2.0175245","5.586406","4.673458"," 6.922904"
"1970-12-01"," 1.3627761844"," 0.41363879673","2.0968895","5.469799","4.518043"," 6.755272"
"1971-01-01"," 1.5872435251"," 0.72295684514","2.3284876","5.183825","4.170076"," 6.288596"
"1971-02-01"," 1.6666053049"," 0.82331833150","2.4168581","5.090817","4.044463"," 6.142637"
"1971-03-01"," 1.6459037143"," 0.83745316775","2.3619817","5.138116","4.160555"," 6.141523"
"1971-04-01"," 1.5588692284"," 0.75668051160","2.2634335","5.282446","4.372819"," 6.328345"
"1971-05-01"," 1.4642808145"," 0.64113201837","2.1804585","5.424191","4.524980"," 6.547571"
"1971-06-01"," 1.4791365725"," 0.67298598182","2.1865765","5.402304","4.517937"," 6.502378"
"1971-07-01"," 1.4043032873"," 0.57683848738","2.1106735","5.510128","4.647635"," 6.664269"
"1971-08-01"," 1.4368306223"," 0.70884935269","2.0752491","5.450444","4.695929"," 6.450948"
"1971-09-01"," 1.5281330148"," 0.86547723062","2.1325383","5.326012","4.614100"," 6.190915"
"1971-10-01"," 1.7027240265"," 1.09438151611","2.2842208","5.096284","4.374245"," 5.824415"
"1971-11-01"," 1.6742428419"," 1.06986697944","2.2441775","5.125131","4.427906"," 5.847785"
"1971-12-01"," 1.7719142156"," 1.14804937906","2.3705132","4.982975","4.196002"," 5.705950"
"1972-01-01"," 1.8096552527"," 1.13381206757","2.4701768","4.952308","4.053562"," 5.743704"
"1972-02-01"," 1.8215232797"," 1.13824981159","2.4934090","4.949376","4.027726"," 5.757635"
"1972-03-01"," 1.6197138402"," 0.95869293793","2.2438792","5.243611","4.481688"," 6.085854"
"1972-04-01"," 1.5812647550"," 0.91879453862","2.2062581","5.314837","4.567329"," 6.179860"
"1972-05-01"," 1.5909389309"," 0.94158082470","2.2072159","5.299403","4.564012"," 6.143706"
"1972-06-01"," 1.5473891453"," 0.90148622732","2.1601003","5.362652","4.655711"," 6.217140"
"1972-07-01"," 1.5347899715"," 0.87947265590","2.1566000","5.389880","4.677680"," 6.266689"
"1972-08-01"," 1.4690313563"," 0.79572029479","2.1015985","5.489139","4.790513"," 6.413205"
"1972-09-01"," 1.5031487655"," 0.82517728900","2.1439896","5.444941","4.708549"," 6.374741"
"1972-10-01"," 1.5483016755"," 0.92065849310","2.1465725","5.371460","4.697524"," 6.195973"
"1972-11-01"," 1.6027463300"," 0.96627903072","2.2193712","5.315474","4.596099"," 6.151553"
"1972-12-01"," 1.5145994951"," 0.83361487429","2.1718509","5.455492","4.714492"," 6.400022"
"1973-01-01"," 1.5074066367"," 0.82251760875","2.1775902","5.495267","4.770496"," 6.458207"
"1973-02-01"," 1.2418599621"," 0.37050930320","2.0058882","5.888762","5.066526"," 7.225320"
"1973-03-01"," 1.1421197235"," 0.18285293571","1.9564656","6.038312","5.148443"," 7.559324"
"1973-04-01"," 1.0652520491"," 0.03007304675","1.9325312","6.144824","5.157203"," 7.800318"
"1973-05-01"," 0.9130964853","-0.25881270314","1.8524501","6.385188","5.310190"," 8.316644"
"1973-06-01"," 0.7700664899","-0.52644037364","1.7905553","6.594195","5.428587"," 8.767639"
"1973-07-01"," 0.3240769660","-1.48057822131","1.6189995","7.313434","5.796768","10.415070"
"1973-08-01"," 0.4803504340","-1.11967552413","1.6642590","7.041590","5.660392"," 9.804814"
"1973-09-01"," 0.4694206192","-1.13994509623","1.6494372","7.056498","5.662246"," 9.818542"
"1973-10-01"," 0.8199968543","-0.42111425752","1.8059428","6.511784","5.351936"," 8.600447"
"1973-11-01"," 0.7195821041","-0.59283096838","1.7372555","6.644473","5.428079"," 8.870535"
"1973-12-01"," 0.6223594775","-0.76958519046","1.6835125","6.771663","5.486857"," 9.132346"
"1974-01-01"," 0.6363757440","-0.71885213070","1.6659187","6.724141","5.463952"," 8.998165"
"1974-02-01"," 0.7963600913","-0.44115886190","1.7718052","6.467234","5.229026"," 8.494451"
"1974-03-01"," 0.4823340344","-1.04994162304","1.6605546","6.941390","5.461103"," 9.524060"
"1974-04-01"," 0.0456928818","-1.91176366505","1.4679856","7.597990","5.815774","10.906280"
"1974-05-01","-0.2955010657","-2.61433758793","1.3593148","8.087728","6.007359","12.021504"
"1974-06-01","-0.4983732656","-3.01172234710","1.2712887","8.339992","6.082480","12.587913"
"1974-07-01","-0.7114496182","-3.39911531738","1.1576853","8.622138","6.244984","13.198974"
"1974-08-01","-0.2532640538","-2.51691578886","1.3862079","7.924278","5.767190","11.696483"
"1974-09-01","-0.1040767677","-2.20676816528","1.4293660","7.662532","5.620266","11.125021"
"1974-10-01"," 0.3487072884","-1.41950228144","1.6874930","6.989490","5.144531"," 9.795159"
"1974-11-01"," 0.4025901158","-1.24759352510","1.6447535","6.878683","5.155956"," 9.466622"
"1974-12-01"," 0.5748350813","-0.92571483885","1.7177202","6.597786","4.978691"," 8.881326"
"1975-01-01"," 0.8159651159","-0.52341294891","1.8635850","6.172560","4.633506"," 8.108445"
"1975-02-01"," 0.9762013852","-0.29756636478","2.0265261","5.964544","4.377664"," 7.751521"
"1975-03-01"," 1.0633877234","-0.12657585956","2.0610707","5.823802","4.305325"," 7.463036"
"1975-04-01"," 0.9612480313","-0.19900999028","1.9053469","6.011307","4.641149"," 7.639539"
"1975-05-01"," 1.0452971383","-0.04266557138","1.9418040","5.904155","4.605174"," 7.407747"
"1975-06-01"," 0.9011613078","-0.18565330865","1.7892610","6.189580","4.999591"," 7.774683"
"1975-07-01"," 0.6952509380","-0.51138435307","1.6625712","6.572196","5.348098"," 8.430857"
"1975-08-01"," 0.9039378161","-0.13173363944","1.7731362","6.281047","5.191493"," 7.842207"
"1975-09-01"," 0.7702791386","-0.34319371763","1.6980019","6.506780","5.375272"," 8.241559"
"1975-10-01"," 0.8500906250","-0.20560273836","1.7459811","6.383738","5.287149"," 7.996764"
"1975-11-01"," 0.9022512627","-0.16132002144","1.8165392","6.329357","5.172373"," 7.938214"
"1975-12-01"," 0.8330390075","-0.26816010305","1.7885879","6.482075","5.306884"," 8.186039"
"1976-01-01"," 1.0140116241"," 0.01439001531","1.9311443","6.240731","5.103033"," 7.753361"
"1976-02-01"," 1.1289509425"," 0.20127474126","2.0072860","6.101087","5.018706"," 7.473138"
"1976-03-01"," 1.1548666314"," 0.27786455305","1.9897186","6.084268","5.087289"," 7.384850"
"1976-04-01"," 1.1660602909"," 0.31577878438","1.9821117","6.051867","5.101788"," 7.301098"
"1976-05-01"," 1.1051660028"," 0.22907779438","1.9601639","6.210477","5.261651"," 7.546304"
"1976-06-01"," 1.0998407628"," 0.23275590511","1.9344348","6.201256","5.283120"," 7.502339"
"1976-07-01"," 1.0543181756"," 0.14255238515","1.9200626","6.272718","5.309611"," 7.635754"
"1976-08-01"," 0.9583633450","-0.02583862053","1.9052171","6.472806","5.440103"," 8.008480"
"1976-09-01"," 1.0344124131"," 0.04901430904","2.0021074","6.404930","5.335166"," 7.923568"
"1976-10-01"," 1.0854468356"," 0.12187465636","2.0384685","6.342944","5.288501"," 7.812536"
"1976-11-01"," 1.1112115946"," 0.17531865393","2.0623512","6.323231","5.295158"," 7.767692"
"1976-12-01"," 1.1360705268"," 0.18779453714","2.1197590","6.342328","5.295852"," 7.820105"
"1977-01-01"," 1.1937677043"," 0.22901973931","2.2379849","6.364352","5.273850"," 7.866283"
"1977-02-01"," 1.1946838914"," 0.20817492411","2.2734186","6.417907","5.302741"," 7.969861"
"1977-03-01"," 1.3786799262"," 0.47719696078","2.3809350","6.140040","5.090507"," 7.492438"
"1977-04-01"," 1.4942240866"," 0.59083271031","2.5037904","6.021903","4.956123"," 7.336678"
"1977-05-01"," 1.4383230040"," 0.51637006453","2.5460068","6.241974","5.184277"," 7.672343"
"1977-06-01"," 1.4359038001"," 0.49488960219","2.5635092","6.271261","5.199359"," 7.717493"
"1977-07-01"," 1.5504774163"," 0.60504708278","2.7042152","6.167213","5.053130"," 7.603809"
"1977-08-01"," 1.4737020554"," 0.53228805202","2.6738402","6.368086","5.299541"," 7.859063"
"1977-09-01"," 1.5272087069"," 0.62456841933","2.7217595","6.319904","5.294844"," 7.763741"
"1977-10-01"," 1.5028707283"," 0.58047429022","2.7708128","6.437582","5.410147"," 7.945526"
"1977-11-01"," 1.5607398832"," 0.65578875504","2.8091650","6.363520","5.347151"," 7.820835"
"1977-12-01"," 1.6994884278"," 0.80658944843","2.9495612","6.211197","5.179450"," 7.603475"
"1978-01-01"," 1.6825720428"," 0.74931523652","3.0393213","6.350608","5.276746"," 7.848547"
"1978-02-01"," 1.7372331608"," 0.84662700793","3.0428955","6.270196","5.258756"," 7.669704"
"1978-03-01"," 1.7249108463"," 0.79253516636","3.1312592","6.390232","5.345071"," 7.905867"
"1978-04-01"," 1.7799932445"," 0.79629756875","3.2836767","6.435137","5.324271"," 8.043128"
"1978-05-01"," 1.7615534322"," 0.72394800018","3.3941353","6.612174","5.462124"," 8.362343"
"1978-06-01"," 1.7898446176"," 0.75468970016","3.4549221","6.617313","5.460016"," 8.366945"
"1978-07-01"," 1.7092658624"," 0.64432104095","3.4491133","6.802392","5.634992"," 8.635727"
"1978-08-01"," 1.7653015127"," 0.70052999916","3.5522967","6.799734","5.621454"," 8.665416"
"1978-09-01"," 1.7251658566"," 0.63374524390","3.6106439","6.929651","5.737909"," 8.864519"
"1978-10-01"," 1.7449801940"," 0.58040626629","3.7907806","7.080213","5.803155"," 9.161106"
"1978-11-01"," 1.6852860809"," 0.48501176775","3.7946584","7.229240","5.945603"," 9.401513"
"1978-12-01"," 1.6958447130"," 0.57777702916","3.6415395","7.066025","5.888301"," 9.061121"
"1979-01-01"," 1.7418755983"," 0.65700563452","3.6426191","6.976143","5.832006"," 8.892192"
"1979-02-01"," 1.7717090568"," 0.76349772075","3.5185616","6.806008","5.755203"," 8.567557"
"1979-03-01"," 1.8085994382"," 0.78184802953","3.6008537","6.822774","5.743743"," 8.617520"
"1979-04-01"," 1.7950713522"," 0.62798264916","3.8696288","7.126904","5.871617"," 9.217142"
"1979-05-01"," 1.7965491330"," 0.50595941870","4.1288023","7.404571","5.982661"," 9.755752"
"1979-06-01"," 1.7929143075"," 0.55017539060","4.0376812","7.312262","5.945834"," 9.580893"
"1979-07-01"," 1.7808307483"," 0.56354368547","3.9608842","7.281838","5.958338"," 9.489933"
"1979-08-01"," 1.6462024934"," 0.31779257605","4.0395314","7.643136","6.211242","10.111384"
"1979-09-01"," 1.6459561148"," 0.27620701769","4.1066006","7.720662","6.270243","10.258559"
"1979-10-01"," 1.3843830635","-0.35792994353","4.4853107","8.628492","6.809238","12.030885"
"1979-11-01"," 1.5627604144"," 0.11253878759","4.1431421","7.935266","6.429260","10.672190"
"1979-12-01"," 1.4962052053","-0.06704784723","4.2763713","8.215297","6.582217","11.219153"
"1980-01-01"," 1.4711740458","-0.07348374659","4.2047417","8.195311","6.576328","11.153860"
"1980-02-01"," 1.4323122020","-0.25238216231","4.4425189","8.517334","6.742438","11.735059"
"1980-03-01"," 1.1551869461","-1.04107765859","5.0573059","9.666129","7.380003","14.002982"
"1980-04-01"," 1.1290250018","-0.88385751757","4.5854406","9.234770","7.170983","13.134821"
"1980-05-01"," 1.7841012698"," 0.61126408873","3.3920348","6.606224","5.295453"," 8.428620"
"1980-06-01"," 1.7488167608"," 0.58022361731","3.4747543","6.820405","5.562290"," 8.670361"
"1980-07-01"," 1.7028984802"," 0.49419598620","3.5504362","7.010191","5.758653"," 8.913264"
"1980-08-01"," 1.6941816905"," 0.44671394228","3.7499988","7.279553","6.041299"," 9.262393"
"1980-09-01"," 1.7167536895"," 0.29437405054","4.1804601","7.722222","6.310283","10.024189"
"1980-10-01"," 1.6182554962","-0.00001059365","4.5083545","8.273387","6.670874","10.983524"
"1980-11-01"," 1.4159250238","-0.54221018407","4.9594816","9.094544","7.158951","12.493032"
"1980-12-01"," 1.3002895653","-0.84761951892","5.2031418","9.497409","7.373374","13.360760"
"1981-01-01"," 1.3068863137","-0.69576329747","4.8674232","9.203124","7.233221","12.701016"
"1981-02-01"," 1.6354423922"," 0.24141744113","3.9835230","7.715869","6.351442"," 9.934822"
"1981-03-01"," 1.6621364476"," 0.35324537067","3.8557039","7.530460","6.266943"," 9.589605"
"1981-04-01"," 1.5487466855"," 0.01520463638","4.2504547","8.167968","6.676486","10.708939"
"1981-05-01"," 1.2934338916","-0.66011835168","4.7470183","9.099634","7.203978","12.492853"
"1981-06-01"," 1.3020279058","-0.54748172084","4.5394965","8.865961","7.073053","12.052352"
"1981-07-01"," 1.3883666800","-0.30064307355","4.3368382","8.542742","6.899725","11.412513"
"1981-08-01"," 1.4107284110","-0.10215770300","3.9353323","8.157647","6.702661","10.664119"
"1981-09-01"," 1.4704184696"," 0.13729743482","3.5802612","7.699491","6.430072"," 9.815146"
"1981-10-01"," 1.3923350527","-0.02469723163","3.6006961","7.888697","6.558066","10.129566"
"1981-11-01"," 1.4055154451"," 0.10047855240","3.2953126","7.524275","6.331001"," 9.461497"
"1981-12-01"," 1.4174043515"," 0.15383012701","3.2201315","7.391139","6.269922"," 9.220700"
"1982-01-01"," 1.3605766143","-0.10715199784","3.6036374","7.933414","6.619278","10.141798"
"1982-02-01"," 1.2124101369","-0.52614678334","3.9424224","8.489526","6.918833","11.207078"
"1982-03-01"," 1.2591250966","-0.37189689352","3.7771435","8.214759","6.757774","10.679081"
"1982-04-01"," 1.2251415816","-0.44650278997","3.7711905","8.234245","6.752079","10.746666"
"1982-05-01"," 1.2654072950","-0.35162812055","3.7034148","8.082013","6.680035","10.426687"
"1982-06-01"," 1.2798088379","-0.36271401924","3.7972792","8.119395","6.699763","10.467768"
"1982-07-01"," 1.3815437624","-0.08798547772","3.5095379","7.650457","6.435121"," 9.590394"
"1982-08-01"," 1.5216360790"," 0.27627494079","3.1305455","6.925344","5.957536"," 8.356465"
"1982-09-01"," 1.5265837823"," 0.13433298032","3.5196014","7.328667","6.256903"," 8.994055"
"1982-10-01"," 1.5642591381"," 0.12203794398","3.6386464","7.356940","6.277233"," 9.003400"
"1982-11-01"," 1.5784769536"," 0.14404686290","3.5651848","7.194869","6.173984"," 8.740957"
"1982-12-01"," 1.6749836681"," 0.27671219454","3.6457731","7.034865","6.081957"," 8.472978"
"1983-01-01"," 1.9007001748"," 0.55474783021","3.8829763","6.864576","5.987354"," 8.157920"
"1983-02-01"," 1.9912333026"," 0.68725726484","3.9379771","6.718097","5.891592"," 7.920156"
"1983-03-01"," 2.0442744324"," 0.78606967792","3.9590896","6.569682","5.791627"," 7.704123"
"1983-04-01"," 2.0966400045"," 0.85302614389","4.0299587","6.485073","5.735557"," 7.579021"
"1983-05-01"," 2.0852095994"," 0.89100042807","3.8833380","6.316510","5.614311"," 7.318049"
"1983-06-01"," 2.2575130960"," 0.95631811208","4.4385619","6.467785","5.708894"," 7.578895"
"1983-07-01"," 2.5510401293"," 1.23050276019","4.9801361","6.424191","5.650208"," 7.511212"
"1983-08-01"," 2.6262495186"," 1.24944131467","5.2075720","6.445666","5.647386"," 7.567561"
"1983-09-01"," 2.6740325615"," 1.35001944561","5.1434777","6.297501","5.532616"," 7.326421"
"1983-10-01"," 2.6844772844"," 1.44649182673","5.0053606","6.114332","5.404521"," 7.042015"
"1983-11-01"," 2.7396416731"," 1.51882788138","5.0639710","6.048232","5.345002"," 6.946725"
"1983-12-01"," 2.6832094581"," 1.52784077473","4.8696622","5.942618","5.280575"," 6.789625"
"1984-01-01"," 2.7366001372"," 1.60101348102","4.8895060","5.893472","5.247225"," 6.711198"
"1984-02-01"," 2.9130863158"," 1.66939360508","5.3683529","6.011589","5.303574"," 6.915528"
"1984-03-01"," 2.8948253895"," 1.64553479837","5.3630804","6.052685","5.343138"," 6.965501"
"1984-04-01"," 2.9379369040"," 1.65607324114","5.4752800","6.093303","5.367245"," 7.025516"
"1984-05-01"," 2.8989996331"," 1.68595791666","5.2468118","5.983891","5.296031"," 6.844529"
"1984-06-01"," 2.9832320430"," 1.72044426123","5.5708296","6.028364","5.307907"," 6.966844"
"1984-07-01"," 2.9395552916"," 1.63107725841","5.6114686","6.152732","5.411993"," 7.145524"
"1984-08-01"," 2.9724565514"," 1.58639795655","5.8707209","6.227144","5.445193"," 7.307811"
"1984-09-01"," 2.8373265030"," 1.59343235928","5.3444751","6.067661","5.361326"," 7.015599"
"1984-10-01"," 2.5873499721"," 1.52233108751","4.4313229","5.863215","5.283924"," 6.604867"
"1984-11-01"," 2.5725809582"," 1.56887506071","4.2325557","5.759808","5.211892"," 6.429190"
"1984-12-01"," 2.4894988809"," 1.51519472641","3.9247540","5.679636","5.165357"," 6.276620"
"1985-01-01"," 2.6246374538"," 1.59133532961","4.2578517","5.766419","5.217448"," 6.417894"
"1985-02-01"," 2.7623549649"," 1.66859696433","4.5970024","5.830431","5.234511"," 6.539323"
"1985-03-01"," 2.8369673350"," 1.70872045034","4.8269283","5.889721","5.267194"," 6.646389"
"1985-04-01"," 2.6609134672"," 1.62995041106","4.3269518","5.777722","5.226226"," 6.434239"
"1985-05-01"," 2.6839604199"," 1.65653892023","4.3474152","5.753409","5.201297"," 6.403877"
"1985-06-01"," 2.5425769457"," 1.55514545048","3.9848802","5.688083","5.175980"," 6.282200"
"1985-07-01"," 2.6327938987"," 1.62938592437","4.2350995","5.729404","5.198880"," 6.358978"
"1985-08-01"," 2.7647242773"," 1.73019778602","4.4660029","5.707470","5.145415"," 6.355805"
"1985-09-01"," 2.7151378298"," 1.72036319630","4.3062966","5.649429","5.112484"," 6.258360"
"1985-10-01"," 2.6550868988"," 1.69432830642","4.1536629","5.606044","5.090950"," 6.187968"
"1985-11-01"," 2.6674883286"," 1.70990959694","4.1576444","5.589925","5.076790"," 6.167361"
"1985-12-01"," 2.6853720112"," 1.71381288313","4.2407056","5.615120","5.091147"," 6.211348"
"1986-01-01"," 2.7949399782"," 1.78500414304","4.4245108","5.603144","5.045697"," 6.223145"
"1986-02-01"," 2.6451051477"," 1.65230983541","4.1754668","5.658557","5.132657"," 6.268619"
"1986-03-01"," 2.6129537846"," 1.62410142214","4.1189883","5.651727","5.133103"," 6.257836"
"1986-04-01"," 2.5239043903"," 1.58227038259","3.8578107","5.550930","5.064217"," 6.092223"
"1986-05-01"," 2.4640551568"," 1.53957185227","3.7283804","5.514724","5.046694"," 6.033999"
"1986-06-01"," 2.5787757897"," 1.62967857780","3.9809454","5.555240","5.064213"," 6.109236"
"1986-07-01"," 2.5058137201"," 1.60725274505","3.7206124","5.420569","4.959302"," 5.908730"
"1986-08-01"," 2.4628067764"," 1.56855741883","3.6071007","5.348759","4.894888"," 5.811321"
"1986-09-01"," 2.5115697880"," 1.59414172187","3.7355103","5.400996","4.936414"," 5.888901"
"1986-10-01"," 2.5386805705"," 1.59697288865","3.8013405","5.413208","4.936265"," 5.911579"
"1986-11-01"," 2.5867608827"," 1.65100768248","3.8796606","5.403730","4.925323"," 5.905005"
"1986-12-01"," 2.8237393478"," 1.85546757335","4.4155458","5.453635","4.918002"," 6.021099"
"1987-01-01"," 2.6252755795"," 1.70714120443","3.9027662","5.344823","4.865854"," 5.834034"
"1987-02-01"," 2.6247230223"," 1.71684599864","3.9176465","5.343117","4.865986"," 5.830901"
"1987-03-01"," 2.6461550350"," 1.72009885913","3.9813368","5.368971","4.881150"," 5.869153"
"1987-04-01"," 2.8295024521"," 1.84794815059","4.3823759","5.396188","4.861106"," 5.949915"
"1987-05-01"," 2.8897319599"," 1.88288252777","4.5592644","5.437241","4.877027"," 6.022762"
"1987-06-01"," 2.7905454311"," 1.80789327220","4.2859632","5.364612","4.834769"," 5.905493"
"1987-07-01"," 2.7621117845"," 1.78962170277","4.1966271","5.331491","4.810875"," 5.855363"
"1987-08-01"," 2.8086298246"," 1.81703387311","4.3186987","5.345163","4.810193"," 5.888347"
"1987-09-01"," 2.9504873450"," 1.91736310618","4.6857651","5.411853","4.834422"," 6.014166"
"1987-10-01"," 2.9099144847"," 1.87282195467","4.6369010","5.441611","4.865024"," 6.052547"
"1987-11-01"," 2.6947749541"," 1.70968011950","4.0539811","5.271046","4.752132"," 5.785312"
"1987-12-01"," 2.7285108885"," 1.75667110935","4.1041366","5.265910","4.748747"," 5.778425"
"1988-01-01"," 2.7562023342"," 1.74453974018","4.2027596","5.302112","4.761136"," 5.843843"
"1988-02-01"," 2.6177297924"," 1.62859053089","3.8757531","5.216708","4.710957"," 5.711321"
"1988-03-01"," 2.6577923218"," 1.64013236083","3.9927459","5.248077","4.723248"," 5.767186"
"1988-04-01"," 2.8271029873"," 1.77857001830","4.3284190","5.277955","4.709035"," 5.837705"
"1988-05-01"," 2.8454532737"," 1.81309990609","4.3958666","5.359033","4.798358"," 5.930363"
"1988-06-01"," 2.9541436544"," 1.88909825087","4.6558011","5.394696","4.801083"," 6.004141"
"1988-07-01"," 2.9147442855"," 1.86640110307","4.5685227","5.395965","4.814895"," 6.001359"
"1988-08-01"," 2.8469269134"," 1.83438323726","4.4352530","5.438590","4.890919"," 6.027267"
"1988-09-01"," 2.9251163401"," 1.86973983108","4.6338100","5.460859","4.876727"," 6.089749"
"1988-10-01"," 2.8964829652"," 1.87059505170","4.5529200","5.457992","4.881684"," 6.066867"
"1988-11-01"," 2.8689776972"," 1.87622389576","4.4526806","5.423489","4.864230"," 6.008430"
"1988-12-01"," 2.8952059628"," 1.89881676093","4.5497145","5.469274","4.906181"," 6.078268"
"1989-01-01"," 2.9021889046"," 1.86980356698","4.6455978","5.553032","4.974768"," 6.209254"
"1989-02-01"," 2.9261162238"," 1.91042166868","4.6824139","5.541241","4.958356"," 6.198566"
"1989-03-01"," 2.9331126275"," 1.92548531088","4.6760428","5.533506","4.945874"," 6.200727"
"1989-04-01"," 2.8027209732"," 1.82982501692","4.4342152","5.589231","5.025252"," 6.249212"
"1989-05-01"," 2.7369425345"," 1.78569753677","4.3179569","5.617030","5.059540"," 6.274781"
"1989-06-01"," 2.5812995685"," 1.69671806039","3.9254611","5.575538","5.066948"," 6.173881"
"1989-07-01"," 2.5278063355"," 1.67275434096","3.7659219","5.528129","5.039085"," 6.091506"
"1989-08-01"," 2.4711705618"," 1.64263334887","3.6245032","5.493476","5.018193"," 6.032563"
"1989-09-01"," 2.4518425810"," 1.60804406038","3.6709534","5.576034","5.087284"," 6.158667"
"1989-10-01"," 2.4327615494"," 1.57618502913","3.6775402","5.633659","5.128991"," 6.243510"
"1989-11-01"," 2.3240673436"," 1.50072413817","3.4423894","5.605777","5.122286"," 6.179321"
"1989-12-01"," 2.2799505749"," 1.45741341710","3.3789280","5.613837","5.131881"," 6.191280"
"1990-01-01"," 2.2365197290"," 1.41235216788","3.3101356","5.618795","5.130627"," 6.193803"
"1990-02-01"," 2.2898389051"," 1.41395893536","3.5098262","5.723934","5.191729"," 6.384181"
"1990-03-01"," 2.2510773319"," 1.37509501585","3.4360859","5.694302","5.152141"," 6.349557"
"1990-04-01"," 2.1579235515"," 1.30748575737","3.2652780","5.694079","5.175950"," 6.329722"
"1990-05-01"," 2.1029206876"," 1.26586958084","3.1709834","5.684304","5.173093"," 6.311270"
"1990-06-01"," 2.1231682295"," 1.28156647803","3.2187852","5.692322","5.162617"," 6.336971"
"1990-07-01"," 1.9970946405"," 1.18642301974","2.9797089","5.660118","5.164160"," 6.261973"
"1990-08-01"," 1.9232759077"," 1.09145578058","2.9174841","5.725564","5.221194"," 6.354535"
"1990-09-01"," 1.8485587408"," 1.01822211676","2.8108544","5.746989","5.249841"," 6.380348"
"1990-10-01"," 1.8297505034"," 0.99832365480","2.7923360","5.750792","5.249879"," 6.391026"
"1990-11-01"," 1.7467017172"," 0.94460060074","2.6284573","5.700768","5.228593"," 6.300825"
"1990-12-01"," 1.6995015694"," 0.91646469079","2.4796221","5.563478","5.109536"," 6.096942"
"1991-01-01"," 1.6736271555"," 0.84696791754","2.4797669","5.594445","5.115287"," 6.158315"
"1991-02-01"," 1.6107739780"," 0.75176432136","2.3732765","5.485387","4.992564"," 6.019424"
"1991-03-01"," 1.6172063813"," 0.79627874238","2.4016724","5.602620","5.133871"," 6.157057"
"1991-04-01"," 1.6509416656"," 0.85321744219","2.4334904","5.585989","5.125207"," 6.124897"
"1991-05-01"," 1.6113096327"," 0.78187152397","2.4287566","5.642722","5.165319"," 6.216958"
"1991-06-01"," 1.6344307666"," 0.82167951201","2.4703624","5.659514","5.188866"," 6.237205"
"1991-07-01"," 1.6597251767"," 0.85412719931","2.4837075","5.618422","5.149049"," 6.179552"
"1991-08-01"," 1.6161938144"," 0.79901266171","2.4091868","5.579889","5.108219"," 6.128580"
"1991-09-01"," 1.6079157303"," 0.76258824399","2.4253537","5.592646","5.105095"," 6.166712"
"1991-10-01"," 1.5763423360"," 0.73045612159","2.3640828","5.553317","5.071343"," 6.102211"
"1991-11-01"," 1.5537607605"," 0.68302170591","2.3078890","5.454296","4.965993"," 5.974848"
"1991-12-01"," 1.4589595523"," 0.50019210152","2.2218238","5.418965","4.896911"," 5.959602"
"1992-01-01"," 1.4452315734"," 0.38485672534","2.2226121","5.328830","4.758221"," 5.882913"
"1992-02-01"," 1.4940845104"," 0.59490761701","2.2637966","5.485141","4.997035"," 6.018451"
"1992-03-01"," 1.4976203364"," 0.57884471310","2.2632711","5.447474","4.954997"," 5.970313"
"1992-04-01"," 1.4886289710"," 0.46940132709","2.2681687","5.373895","4.841089"," 5.914802"
"1992-05-01"," 1.4687110263"," 0.49626357373","2.2414566","5.414272","4.910440"," 5.942892"
"1992-06-01"," 1.4442763827"," 0.53031035970","2.2204873","5.473914","4.997358"," 5.994712"
"1992-07-01"," 1.4116495883"," 0.30699140918","2.2113000","5.354847","4.809960"," 5.907841"
"1992-08-01"," 1.4841359123"," 0.48298556171","2.2572214","5.341667","4.844339"," 5.846971"
"1992-09-01"," 1.4928813823"," 0.47299335560","2.2712448","5.318056","4.815627"," 5.820165"
"1992-10-01"," 1.5931328565"," 0.58947499280","2.3887141","5.289693","4.785919"," 5.787308"
"1992-11-01"," 1.5568345552"," 0.50023116833","2.3590340","5.275059","4.758240"," 5.781549"
"1992-12-01"," 1.5171470068"," 0.34737120597","2.3375556","5.232672","4.682852"," 5.760088"
"1993-01-01"," 1.5658404660"," 0.47117016899","2.3780872","5.261814","4.742467"," 5.769854"
"1993-02-01"," 1.6088523941"," 0.50059799769","2.4235155","5.213695","4.690557"," 5.713860"
"1993-03-01"," 1.6441837860"," 0.54382560367","2.4647769","5.195082","4.673896"," 5.687808"
"1993-04-01"," 1.5880322378"," 0.39800659147","2.4305054","5.189855","4.645602"," 5.704321"
"1993-05-01"," 1.6114480755"," 0.48183612157","2.4623466","5.236509","4.714213"," 5.743881"
"1993-06-01"," 1.5879269320"," 0.38539646739","2.4339184","5.170718","4.638304"," 5.680490"
"1993-07-01"," 1.5838742288"," 0.28809888156","2.4553694","5.125974","4.562808"," 5.654517"
"1993-08-01"," 1.6409647535"," 0.42784279317","2.4998376","5.124304","4.590894"," 5.626855"
"1993-09-01"," 1.6339976239"," 0.31785047082","2.5204870","5.067544","4.501253"," 5.588001"
"1993-10-01"," 1.5757046757"," 0.16943585740","2.4812577","5.064046","4.481491"," 5.604682"
"1993-11-01"," 1.6749035466"," 0.39502779314","2.5659965","5.074322","4.527249"," 5.579859"
"1993-12-01"," 1.6519594138"," 0.26982145205","2.5632972","5.019510","4.446985"," 5.543027"
"1994-01-01"," 1.6437102618"," 0.34987340525","2.5343438","5.051061","4.517322"," 5.553310"
"1994-02-01"," 1.7249018930"," 0.62937541708","2.5878210","5.112598","4.636361"," 5.572868"
"1994-03-01"," 1.7567665187"," 0.61023772332","2.6539364","5.109552","4.614928"," 5.582434"
"1994-04-01"," 1.8129705860"," 0.72996642838","2.7127374","5.099830","4.621272"," 5.555280"
"1994-05-01"," 2.0130671343"," 1.04910788015","2.9719909","5.090871","4.622050"," 5.537135"
"1994-06-01"," 2.0717317561"," 1.14838229231","3.0875781","5.118344","4.649792"," 5.565337"
"1994-07-01"," 1.9551798277"," 0.92653612264","2.9240962","5.083425","4.606357"," 5.535875"
"1994-08-01"," 2.0192899002"," 1.04609625288","2.9933268","5.077138","4.615207"," 5.516741"
"1994-09-01"," 2.0860251057"," 1.14932520083","3.0896765","5.077056","4.619721"," 5.513772"
"1994-10-01"," 2.0663341852"," 1.07701767459","3.0683837","5.049728","4.581385"," 5.491300"
"1994-11-01"," 2.2698614274"," 1.34363951265","3.4375353","5.042117","4.552552"," 5.499010"
"1994-12-01"," 2.2821344869"," 1.36310235175","3.4315913","5.010779","4.526084"," 5.464208"
"1995-01-01"," 2.1974392200"," 1.25700876671","3.2980802","5.034680","4.558901"," 5.480589"
"1995-02-01"," 2.3143007324"," 1.37791268044","3.5350842","5.019112","4.520204"," 5.482511"
"1995-03-01"," 2.3048848902"," 1.35342997597","3.5324618","5.025954","4.524384"," 5.493744"
"1995-04-01"," 2.2873649438"," 1.34907038076","3.6518084","5.136936","4.631989"," 5.636506"
"1995-05-01"," 2.2397957781"," 1.29539169516","3.4653931","5.084504","4.597106"," 5.554116"
"1995-06-01"," 2.2688416591"," 1.32871332533","3.5216993","5.072625","4.585337"," 5.543711"
"1995-07-01"," 2.2033095407"," 1.26168571069","3.3959168","5.080084","4.605699"," 5.541596"
"1995-08-01"," 2.2133288436"," 1.25236008056","3.4128757","5.068186","4.588553"," 5.530289"
"1995-09-01"," 2.2468155677"," 1.27934620798","3.4447789","5.027549","4.546640"," 5.485906"
"1995-10-01"," 2.2534459822"," 1.25445250308","3.4512597","5.000223","4.510056"," 5.461908"
"1995-11-01"," 2.2825489546"," 1.31079998319","3.5118178","5.012465","4.524652"," 5.474790"
"1995-12-01"," 2.1910202398"," 1.19236785509","3.3408306","5.004725","4.528219"," 5.455271"
"1996-01-01"," 2.1476823855"," 1.12670598613","3.2660811","4.996383","4.524773"," 5.442812"
"1996-02-01"," 2.0691137669"," 0.96414684240","3.1447909","4.962640","4.482006"," 5.415271"
"1996-03-01"," 2.2096946733"," 1.14887392925","3.3852873","4.960052","4.467096"," 5.417087"
"1996-04-01"," 2.1791705238"," 1.12790997416","3.3449126","4.973791","4.487695"," 5.429110"
"1996-05-01"," 2.2533787409"," 1.21603000356","3.5061941","4.974043","4.472008"," 5.435916"
"1996-06-01"," 2.3087780987"," 1.23963082162","3.5610525","4.902632","4.388049"," 5.364364"
"1996-07-01"," 2.3050186108"," 1.24840304403","3.6139715","4.939408","4.423181"," 5.405129"
"1996-08-01"," 2.2465938711"," 1.06857746123","3.4588330","4.847239","4.320251"," 5.320323"
"1996-09-01"," 2.3674219704"," 1.22855727592","3.7095371","4.860953","4.312466"," 5.346518"
"1996-10-01"," 2.2662014587"," 1.06669948260","3.5624082","4.873548","4.328439"," 5.365257"
"1996-11-01"," 2.3054824356"," 1.19177832470","3.6602977","4.917061","4.381766"," 5.397362"
"1996-12-01"," 2.2086248452"," 1.08910001276","3.4821558","4.922057","4.411441"," 5.396296"
"1997-01-01"," 2.2249157665"," 1.10183392469","3.5017631","4.898032","4.381942"," 5.371688"
"1997-02-01"," 2.2144906402"," 1.01437670508","3.4995574","4.865391","4.333320"," 5.352332"
"1997-03-01"," 2.3486659343"," 1.17913422289","3.7332321","4.844656","4.291542"," 5.337241"
"1997-04-01"," 2.4424949087"," 1.26489748684","3.9188564","4.817200","4.236554"," 5.318628"
"1997-05-01"," 2.3822354212"," 1.15439397513","3.7874703","4.779109","4.199655"," 5.283422"
"1997-06-01"," 2.4030938230"," 1.21465681399","3.8527440","4.800650","4.220507"," 5.303903"
"1997-07-01"," 2.2993260077"," 1.05762086328","3.6508160","4.792027","4.226772"," 5.293073"
"1997-08-01"," 2.3678517297"," 1.14953213710","3.7510400","4.759512","4.190868"," 5.259630"
"1997-09-01"," 2.3210418538"," 1.10605150231","3.6984341","4.790081","4.232252"," 5.291391"
"1997-10-01"," 2.4344945774"," 1.21608947924","3.8922458","4.742390","4.156231"," 5.254049"
"1997-11-01"," 2.4844196271"," 1.25809485445","3.9801657","4.713561","4.113842"," 5.227697"
"1997-12-01"," 2.4139156157"," 1.21116439558","3.8713106","4.745302","4.160381"," 5.253698"
"1998-01-01"," 2.4009868943"," 1.16764440202","3.8422890","4.737595","4.146595"," 5.250624"
"1998-02-01"," 2.3500577989"," 1.10446149599","3.7654852","4.743140","4.156281"," 5.257297"
"1998-03-01"," 2.3801385373"," 1.18063707515","3.8250708","4.764855","4.184469"," 5.274272"
"1998-04-01"," 2.4899875455"," 1.21120754639","4.0181276","4.680659","4.048100"," 5.215052"
"1998-05-01"," 2.5029871265"," 1.26264233367","4.0585144","4.691253","4.059639"," 5.225513"
"1998-06-01"," 2.4342867894"," 1.23384810673","3.9141746","4.719728","4.116995"," 5.240422"
"1998-07-01"," 2.4500858612"," 1.24824964121","3.9824706","4.734854","4.120610"," 5.261947"
"1998-08-01"," 2.3921133241"," 1.18256789688","3.8765325","4.748319","4.141369"," 5.272925"
"1998-09-01"," 2.2142628160"," 0.98668024197","3.5493752","4.779646","4.209039"," 5.294236"
"1998-10-01"," 2.0923069864"," 0.72913507282","3.3807375","4.772453","4.183409"," 5.311843"
"1998-11-01"," 2.0604860371"," 0.62256237042","3.3313529","4.746996","4.148163"," 5.300539"
"1998-12-01"," 2.0122656224"," 0.47875915565","3.2978732","4.745567","4.127569"," 5.321123"
"1999-01-01"," 2.0327080104"," 0.46336825216","3.3401703","4.716609","4.082341"," 5.301999"
"1999-02-01"," 2.1259685182"," 0.75538467132","3.4064971","4.723730","4.125307"," 5.265011"
"1999-03-01"," 2.1864794818"," 0.80204491280","3.4963559","4.682395","4.067545"," 5.235375"
"1999-04-01"," 2.1145182020"," 0.70435271456","3.4147706","4.713146","4.094914"," 5.270307"
"1999-05-01"," 2.1511543895"," 0.74851048599","3.4763061","4.688138","4.062547"," 5.248613"
"1999-06-01"," 2.1092472260"," 0.73369854130","3.3961561","4.715132","4.105104"," 5.264789"
"1999-07-01"," 2.1032340734"," 0.75117380058","3.3991592","4.728148","4.113197"," 5.273904"
"1999-08-01"," 2.2469144521"," 0.98038351312","3.6099674","4.696682","4.075623"," 5.232234"
"1999-09-01"," 2.3261663114"," 1.08542324201","3.7998361","4.691277","4.046091"," 5.239815"
"1999-10-01"," 2.1726706233"," 0.81370068773","3.5257742","4.686420","4.038353"," 5.246276"
"1999-11-01"," 2.3065577956"," 1.05088699702","3.7424463","4.672737","4.021177"," 5.226394"
"1999-12-01"," 2.1408327457"," 0.76301824444","3.4809875","4.676730","4.025313"," 5.243731"
"2000-01-01"," 2.2569023365"," 0.96535365099","3.6823312","4.670461","4.010225"," 5.231220"
"2000-02-01"," 2.3022089032"," 1.09596276644","3.7947496","4.697512","4.039277"," 5.253065"
"2000-03-01"," 2.2314879614"," 0.97514236379","3.6456500","4.686600","4.033136"," 5.246793"
"2000-04-01"," 2.2752638652"," 0.99574964629","3.6925885","4.640742","3.970629"," 5.205998"
"2000-05-01"," 2.3579582878"," 1.18766180845","3.9088590","4.689107","4.017650"," 5.248670"
"2000-06-01"," 2.3740715882"," 1.22714381839","3.9632333","4.703720","4.028649"," 5.265818"
"2000-07-01"," 2.2688291106"," 1.11964353500","3.7273377","4.717583","4.063939"," 5.266933"
"2000-08-01"," 2.2086956517"," 1.08014460928","3.6203890","4.751315","4.116422"," 5.289629"
"2000-09-01"," 2.1962384644"," 1.02196070249","3.5968791","4.709495","4.056190"," 5.261051"
"2000-10-01"," 2.2412759350"," 1.09031887958","3.6986283","4.707214","4.041794"," 5.264502"
"2000-11-01"," 2.2078807265"," 1.05969252509","3.6448384","4.716070","4.053640"," 5.272746"
"2000-12-01"," 2.1299101167"," 0.97150215717","3.4680026","4.718874","4.072718"," 5.264690"
"2001-01-01"," 1.8827272662"," 0.65250631386","3.0833883","4.801067","4.185480"," 5.350302"
"2001-02-01"," 1.7794357609"," 0.45997243306","2.9306681","4.802013","4.182055"," 5.364260"
"2001-03-01"," 1.7571476558"," 0.47153674416","2.8800065","4.814146","4.208803"," 5.365400"
"2001-04-01"," 1.6364065725"," 0.22847995966","2.7387624","4.831837","4.211868"," 5.405022"
"2001-05-01"," 1.5312185681","-0.21206524344","2.6861402","4.774170","4.071801"," 5.433218"
"2001-06-01"," 1.5266285755","-0.15846615339","2.6630253","4.797901","4.114233"," 5.442119"
"2001-07-01"," 1.4893960962","-0.23204112690","2.6268486","4.810836","4.118606"," 5.465288"
"2001-08-01"," 1.4532635902","-0.07650091707","2.5152659","4.874296","4.249671"," 5.476642"
"2001-09-01"," 1.2808995700","-0.51461874330","2.3781255","4.880067","4.196571"," 5.552450"
"2001-10-01"," 1.1871117770","-0.64542003302","2.2884781","4.955880","4.268791"," 5.639835"
"2001-11-01"," 1.0896856819","-0.87816257307","2.2222829","4.976428","4.257169"," 5.703745"
"2001-12-01"," 1.0573915621","-0.88140874101","2.1768586","4.988024","4.277036"," 5.708968"
"2002-01-01"," 1.1188774974","-0.66966552977","2.1875897","4.977234","4.304366"," 5.651876"
"2002-02-01"," 1.2421499549","-0.25436181112","2.2429040","4.974584","4.373044"," 5.569646"
"2002-03-01"," 1.2790130476","-0.21325128906","2.2919924","4.949099","4.340639"," 5.541231"
"2002-04-01"," 1.2200812272","-0.28857517542","2.2241385","4.978812","4.369755"," 5.577499"
"2002-05-01"," 1.2414561493","-0.26298524305","2.2452640","4.950756","4.332836"," 5.546668"
"2002-06-01"," 1.2122623840","-0.35979141700","2.2271732","4.943402","4.304435"," 5.563123"
"2002-07-01"," 1.2456893635","-0.22663199316","2.2458245","4.942565","4.325193"," 5.537127"
"2002-08-01"," 1.3071009616","-0.11588525781","2.3062813","4.909135","4.295685"," 5.491534"
"2002-09-01"," 1.2774436388","-0.21398940534","2.2909979","4.894631","4.260146"," 5.498206"
"2002-10-01"," 1.1030744183","-0.86197171029","2.2394047","4.861398","4.078472"," 5.600312"
"2002-11-01"," 1.1595777863","-0.41911767547","2.1649013","4.927806","4.273893"," 5.557926"
"2002-12-01"," 1.1192444167","-0.39403252191","2.1001207","4.959344","4.327956"," 5.576426"
"2003-01-01"," 1.2018512083","-0.32415581401","2.1981611","4.886855","4.228165"," 5.505201"
"2003-02-01"," 1.1858829351","-0.32812607800","2.1769928","4.892686","4.236676"," 5.512297"
"2003-03-01"," 1.2224269772","-0.21132797335","2.1932265","4.888507","4.247242"," 5.483233"
"2003-04-01"," 1.1980976765","-0.20373008183","2.1476964","4.907789","4.281980"," 5.497946"
"2003-05-01"," 1.2041783207","-0.06719982168","2.1049150","4.946835","4.366645"," 5.497947"
"2003-06-01"," 1.1069159290","-0.16785670731","1.9926300","4.999204","4.427574"," 5.553772"
"2003-07-01"," 1.1300057867","-0.22052265204","2.0447429","4.948196","4.331039"," 5.530856"
"2003-08-01"," 1.2257626071","-0.03375412432","2.1226660","4.902217","4.303270"," 5.455106"
"2003-09-01"," 1.2559083169"," 0.02590665721","2.1408702","4.884063","4.288383"," 5.429316"
"2003-10-01"," 1.3096190349"," 0.09510132050","2.2038603","4.844658","4.240032"," 5.389180"
"2003-11-01"," 1.3748002692"," 0.08963703665","2.2964864","4.766019","4.118099"," 5.330988"
"2003-12-01"," 1.4179192428"," 0.11749182077","2.3538984","4.725785","4.054933"," 5.299138"
"2004-01-01"," 1.4238280850"," 0.12748889974","2.3595716","4.725365","4.046889"," 5.302487"
"2004-02-01"," 1.4563837779"," 0.14847974285","2.4038585","4.688571","3.990297"," 5.278265"
"2004-03-01"," 1.3981537031"," 0.14697641116","2.3023877","4.749898","4.085748"," 5.323506"
"2004-04-01"," 1.4855118342"," 0.26866746280","2.4064864","4.696697","4.013503"," 5.270249"
"2004-05-01"," 1.5056973034"," 0.29714012828","2.4163085","4.679245","3.986162"," 5.256119"
"2004-06-01"," 1.5423952605"," 0.38322620810","2.4383173","4.671978","3.988538"," 5.240101"
"2004-07-01"," 1.6204694888"," 0.53352463126","2.4939603","4.647188","3.980467"," 5.196339"
"2004-08-01"," 1.6946246614"," 0.69137305724","2.5462642","4.638005","4.003927"," 5.161785"
"2004-09-01"," 1.6955452620"," 0.71167545647","2.5396555","4.649601","4.023900"," 5.169168"
"2004-10-01"," 1.6567088012"," 0.69389882038","2.4814798","4.689944","4.081951"," 5.201929"
"2004-11-01"," 1.6949221160"," 0.75523372592","2.5250029","4.677617","4.071407"," 5.188854"
"2004-12-01"," 1.6925000123"," 0.78805408432","2.5047333","4.696195","4.110805"," 5.195540"
"2005-01-01"," 1.7183233726"," 0.78157602988","2.5614298","4.672878","4.053743"," 5.192145"
"2005-02-01"," 1.6929006086"," 0.82088533140","2.5019025","4.726715","4.151029"," 5.225141"
"2005-03-01"," 1.7562868138"," 0.85049202926","2.5911707","4.665726","4.056334"," 5.183075"
"2005-04-01"," 1.7539826980"," 0.86884731655","2.5706942","4.675395","4.084557"," 5.179992"
"2005-05-01"," 1.7845667114"," 0.92861575397","2.6131526","4.679128","4.090541"," 5.179057"
"2005-06-01"," 1.8045206267"," 0.91288913416","2.6303403","4.633754","4.027878"," 5.143325"
"2005-07-01"," 1.8034365016"," 0.94732825561","2.6265477","4.657967","4.070539"," 5.157036"
"2005-08-01"," 1.8235474724"," 0.97324664134","2.6516326","4.653897","4.069387"," 5.150547"
"2005-09-01"," 1.7648109325"," 0.89864328031","2.5758920","4.683338","4.102802"," 5.179469"
"2005-10-01"," 1.7499599076"," 0.89914222781","2.5718053","4.713945","4.137866"," 5.212249"
"2005-11-01"," 1.7373555853"," 0.90950567659","2.5723135","4.745002","4.174575"," 5.243645"
"2005-12-01"," 1.7606573410"," 0.94005743480","2.6050281","4.733648","4.165248"," 5.233991"
"2006-01-01"," 1.8213494739"," 0.96733272207","2.6972841","4.671534","4.069550"," 5.189417"
"2006-02-01"," 1.7890006088"," 0.98119776318","2.6898643","4.748052","4.167319"," 5.261169"
"2006-03-01"," 1.7966028050"," 0.95710492103","2.6931126","4.713809","4.118244"," 5.238372"
"2006-04-01"," 1.7870845339"," 0.95656331179","2.7148208","4.743913","4.145165"," 5.279092"
"2006-05-01"," 1.7871218941"," 0.93461595123","2.7015057","4.714834","4.102329"," 5.252598"
"2006-06-01"," 1.7673356790"," 0.90547441364","2.6758280","4.722795","4.105464"," 5.263929"
"2006-07-01"," 1.7119248337"," 0.87439215457","2.6016085","4.772196","4.185065"," 5.299600"
"2006-08-01"," 1.6835973184"," 0.83359892757","2.5515590","4.774108","4.186268"," 5.298233"
"2006-09-01"," 1.7546802593"," 0.85532524030","2.6334516","4.688292","4.067059"," 5.225701"
"2006-10-01"," 1.8011235982"," 0.89085941977","2.7147739","4.649135","4.012004"," 5.198305"
"2006-11-01"," 1.7681070614"," 0.88710497699","2.6817844","4.697145","4.079871"," 5.238418"
"2006-12-01"," 1.7870713914"," 0.90152885359","2.7248761","4.682618","4.054284"," 5.232064"
"2007-01-01"," 1.6702242557"," 0.76976016480","2.5687586","4.747796","4.131162"," 5.299560"
"2007-02-01"," 1.6900119240"," 0.77617854660","2.6029319","4.725418","4.094876"," 5.284735"
"2007-03-01"," 1.7212574893"," 0.78241328344","2.6434039","4.683628","4.034316"," 5.247879"
"2007-04-01"," 1.6775811885"," 0.77115203825","2.6015098","4.743615","4.116087"," 5.302589"
"2007-05-01"," 1.7059692426"," 0.80262356717","2.6685541","4.733310","4.095080"," 5.301603"
"2007-06-01"," 1.6228413393"," 0.73848517108","2.5679487","4.805606","4.191044"," 5.368456"
"2007-07-01"," 1.5652751564"," 0.69238831066","2.5056833","4.857677","4.260418"," 5.420357"
"2007-08-01"," 1.5567440451"," 0.60523451719","2.4433961","4.771580","4.148155"," 5.335296"
"2007-09-01"," 1.5176742674"," 0.56494364076","2.4089462","4.808925","4.187678"," 5.377492"
"2007-10-01"," 1.4884441214"," 0.45956609748","2.3711251","4.777227","4.129491"," 5.363145"
"2007-11-01"," 1.4773738439"," 0.36708456437","2.3660948","4.736451","4.054406"," 5.343224"
"2007-12-01"," 1.3123888906"," 0.09793361292","2.1898066","4.797005","4.102834"," 5.432358"
"2008-01-01"," 1.2878720814","-0.01859188620","2.1870068","4.770380","4.036652"," 5.438953"
"2008-02-01"," 1.2978880596","-0.37466707227","2.3278261","4.622481","3.712758"," 5.414117"
"2008-03-01"," 1.2446151675","-0.41763834700","2.2583556","4.662999","3.772744"," 5.449082"
"2008-04-01"," 1.2992419167","-0.51004893513","2.3747249","4.572416","3.598409"," 5.406831"
"2008-05-01"," 1.1430018319","-0.69691495169","2.1998109","4.677602","3.734803"," 5.526980"
"2008-06-01"," 1.0675343210","-0.63977977124","2.0692728","4.775864","3.908997"," 5.577387"
"2008-07-01"," 0.9947087155","-0.63293548656","1.9572858","4.853189","4.040014"," 5.630897"
"2008-08-01"," 0.8644277351","-0.70801471806","1.8056481","4.958123","4.187261"," 5.725414"
"2008-09-01"," 0.8539121866","-0.85590607261","1.8390799","4.912209","4.082267"," 5.727598"
"2008-10-01"," 0.6468961027","-1.52549513117","1.7797839","4.924447","3.927162"," 5.925482"
"2008-11-01"," 0.5297953203","-1.68973707441","1.6776960","4.996051","3.987470"," 6.027486"
"2008-12-01"," 0.3526680860","-1.63610601593","1.4329224","5.193445","4.293304"," 6.179604"
"2009-01-01"," 0.1854903689","-1.48977543853","1.1760096","5.429375","4.652445"," 6.343618"
"2009-02-01"," 0.0167224615","-1.46458860642","0.9621457","5.653221","4.937049"," 6.545002"
"2009-03-01","-0.1501397106","-1.67724434336","0.8320300","5.775373","5.033581"," 6.717460"
"2009-04-01","-0.2408375954","-1.74669683710","0.7372592","5.874888","5.130795"," 6.831717"
"2009-05-01","-0.3850320722","-1.91575970556","0.6343876","5.990974","5.216984"," 7.000668"
"2009-06-01","-0.3693068858","-1.79869213447","0.6338851","6.025667","5.270247"," 7.013793"
"2009-07-01","-0.3180876790","-1.68722643190","0.6671837","6.000352","5.259684"," 6.961789"
"2009-08-01","-0.3173810804","-1.66669566132","0.6617715","6.011200","5.271094"," 6.975382"
"2009-09-01","-0.3974208664","-1.78270021391","0.6049425","6.049825","5.287037"," 7.047251"
"2009-10-01","-0.5092656390","-2.01073816341","0.5376250","6.091807","5.282596"," 7.132463"
"2009-11-01","-0.5165465972","-2.14299861652","0.5533854","5.980233","5.133652"," 7.026701"
"2009-12-01","-0.5071510859","-2.14224503567","0.5608890","5.943350","5.093458"," 6.983565"
"2010-01-01","-0.4630929757","-2.13651910874","0.6076847","5.861290","5.005119"," 6.885645"
"2010-02-01","-0.4422880535","-2.11600644686","0.6253334","5.821127","4.962987"," 6.828679"
"2010-03-01","-0.4662687464","-2.09107902365","0.5922498","5.858957","5.014095"," 6.853754"
"2010-04-01","-0.4551812798","-2.02465325478","0.5790892","5.867267","5.039434"," 6.834095"
"2010-05-01","-0.3061038012","-1.75760003623","0.6748082","5.773030","4.996324"," 6.662962"
"2010-06-01","-0.2335965976","-1.74440895607","0.7613040","5.651738","4.862377"," 6.531278"
"2010-07-01","-0.2243069222","-1.68050272883","0.7603471","5.653955","4.877059"," 6.523518"
"2010-08-01","-0.2934209084","-1.77412648585","0.6974645","5.702027","4.912913"," 6.584925"
"2010-09-01","-0.3120375112","-1.72735340155","0.6669173","5.738990","4.966279"," 6.610716"
"2010-10-01","-0.2884765940","-1.67662770161","0.6748997","5.723212","4.958192"," 6.575512"
"2010-11-01","-0.4090945990","-1.65205604849","0.5362586","5.951359","5.217479"," 6.830371"
"2010-12-01","-0.2566702352","-1.54020067513","0.6796991","5.725536","4.995911"," 6.547476"
"2011-01-01","-0.1786198803","-1.53249097724","0.7671217","5.598535","4.854495"," 6.404415"
"2011-02-01","-0.1470374934","-1.52452032318","0.8093873","5.538603","4.785478"," 6.340321"
"2011-03-01","-0.1750284246","-1.63124071857","0.8049564","5.505038","4.721559"," 6.330562"
"2011-04-01","-0.2540805388","-1.73375728392","0.7398764","5.552743","4.754283"," 6.398479"
"2011-05-01","-0.2794347699","-1.86994948509","0.7554352","5.498507","4.654902"," 6.373789"
"2011-06-01","-0.3329788908","-1.89451291255","0.6953510","5.538999","4.706797"," 6.415072"
"2011-07-01","-0.3157804268","-1.95770622245","0.7357233","5.465667","4.604973"," 6.347960"
"2011-08-01","-0.3259880001","-2.03117107097","0.7487463","5.425006","4.544412"," 6.322064"
"2011-09-01","-0.3208119579","-2.02118185823","0.7449720","5.407374","4.532589"," 6.291895"
"2011-10-01","-0.2344557816","-1.95030535912","0.8352245","5.305725","4.428621"," 6.170378"
"2011-11-01","-0.1282707837","-1.81420782113","0.9249706","5.226926","4.369223"," 6.051826"
"2011-12-01","-0.1044788539","-1.84928841869","0.9702395","5.160108","4.275371"," 5.998759"
"2012-01-01","-0.0784520393","-2.06624879667","1.0880227","5.018453","4.031628"," 5.913234"
"2012-02-01","-0.0666126483","-1.90799718804","1.0458323","5.056303","4.124694"," 5.904553"
"2012-03-01","-0.0611581064","-1.89766982787","1.0457148","5.043664","4.116341"," 5.887492"
"2012-04-01","-0.1059428694","-1.94173736346","1.0080943","5.054085","4.126479"," 5.900132"
"2012-05-01","-0.1139972984","-1.83685733445","0.9647059","5.086151","4.202848"," 5.902407"
"2012-06-01","-0.1267547513","-1.77253481128","0.9216544","5.112067","4.258694"," 5.905866"
"2012-07-01","-0.1887714696","-1.91876360415","0.8892958","5.090233","4.207868"," 5.908895"
"2012-08-01","-0.1775648272","-1.93061253968","0.9145522","5.037725","4.146448"," 5.857114"
"2012-09-01","-0.0412867977","-1.77962625966","1.0577498","4.929626","4.042211"," 5.718503"
"2012-10-01","-0.1160621009","-2.01630238777","1.0432016","4.879840","3.929263"," 5.716344"
"2012-11-01","-0.1497755363","-2.20733003417","1.0726363","4.800448","3.792701"," 5.684316"
"2012-12-01","-0.2099831444","-2.06205076718","0.9226887","4.932927","4.016787"," 5.765767"
"2013-01-01","-0.3085532068","-2.14271239048","0.8135118","5.002538","4.092249"," 5.833838"
"2013-02-01","-0.1436073396","-1.83500747040","0.9313220","4.937575","4.077782"," 5.705109"
"2013-03-01","-0.1268553673","-1.97496818296","1.0178912","4.804347","3.873899"," 5.610769"
"2013-04-01","-0.1547485478","-1.88608385319","0.9483198","4.855689","3.972726"," 5.635238"
"2013-05-01","-0.1951532802","-2.03114682702","0.9491618","4.795808","3.871892"," 5.600469"
"2013-06-01","-0.2721894482","-2.19748274614","0.9102097","4.773493","3.813726"," 5.602797"
"2013-07-01","-0.2522447293","-2.27727981558","0.9805624","4.676518","3.670059"," 5.528452"
"2013-08-01","-0.2468417037","-2.32398874808","1.0145916","4.618486","3.585859"," 5.479924"
"2013-09-01","-0.2962757537","-2.41651618793","0.9890239","4.597389","3.543752"," 5.475402"
"2013-10-01","-0.3056606344","-2.39335242601","0.9670243","4.603693","3.553746"," 5.469506"
"2013-11-01","-0.1602511808","-2.21925924986","1.1170539","4.507180","3.456805"," 5.349377"
"2013-12-01","-0.1533323727","-2.35758932216","1.1886881","4.392716","3.271781"," 5.273365"
"2014-01-01","-0.2057487687","-2.54015442990","1.2090332","4.312079","3.126951"," 5.234639"
"2014-02-01","-0.1823588190","-2.27418633823","1.1278800","4.401390","3.315584"," 5.260542"
"2014-03-01","-0.2547570017","-2.37007894422","1.0640352","4.404859","3.311426"," 5.282369"
"2014-04-01","-0.1446592548","-2.48403083193","1.3065828","4.176276","2.958639"," 5.109412"
"2014-05-01","-0.2557070827","-2.69691763787","1.2282652","4.156527","2.887593"," 5.123359"
"2014-06-01","-0.1597470686","-2.56861514229","1.3286655","4.081022","2.796628"," 5.043461"
"2014-07-01","-0.1694668689","-2.44811169450","1.2591380","4.134603","2.894720"," 5.064443"
"2014-08-01","-0.1498672302","-2.35489844467","1.2632594","4.110287","2.884177"," 5.038199"
"2014-09-01","-0.0998933860","-2.36424183433","1.3489469","4.009761","2.733127"," 4.957064"
"2014-10-01","-0.0076042032","-2.28537395937","1.4665972","3.914630","2.601697"," 4.872424"
"2014-11-01","-0.0110432047","-2.14231982079","1.3972761","3.972855","2.731441"," 4.897572"
"2014-12-01"," 0.0802123207","-1.99202244509","1.4829754","3.926066","2.701956"," 4.837175"
"2015-01-01","-0.0189657303","-2.05538946161","1.3523189","3.984723","2.796844"," 4.880878"
"2015-02-01","-0.0004099685","-2.10025933409","1.4023082","3.920341","2.698362"," 4.826541"
"2015-03-01","-0.0631356573","-2.28289085911","1.4079075","3.844697","2.547565"," 4.786433"
"2015-04-01","-0.0269763272","-2.17219295488","1.4159947","3.861004","2.597274"," 4.781497"
"2015-05-01","-0.0836715404","-2.10257899614","1.2786004","3.972745","2.799087"," 4.850152"
"2015-06-01"," 0.0193033779","-2.03040201284","1.4199727","3.880145","2.672303"," 4.755071"
"2015-07-01","-0.0142597761","-2.15906149009","1.4281288","3.822179","2.576895"," 4.724731"
"2015-08-01"," 0.0336250349","-2.06997265261","1.4712711","3.804332","2.582540"," 4.692069"
"2015-09-01","-0.0933665012","-2.40345200079","1.4418698","3.714621","2.405026"," 4.663779"
"2015-10-01","-0.0671802847","-2.28798283612","1.4392776","3.745506","2.483439"," 4.673727"
"2015-11-01","-0.1299440124","-2.32093285711","1.3310568","3.806124","2.588885"," 4.720346"
"2015-12-01"," 0.0155382496","-2.01139403947","1.4170988","3.836956","2.682183"," 4.698216"
"2016-01-01"," 0.0255079227","-2.10237462184","1.4879737","3.767231","2.576727"," 4.645864"
"2016-02-01","-0.1951619941","-2.48651238308","1.3348945","3.746884","2.504775"," 4.681921"
"2016-03-01","-0.2016794967","-2.42228235995","1.2808640","3.789689","2.583384"," 4.706104"
"2016-04-01","-0.1547685380","-2.28379385030","1.2558700","3.850237","2.690925"," 4.730763"
"2016-05-01","-0.0066285373","-2.10198242001","1.4414099","3.738135","2.553469"," 4.621813"
"2016-06-01","-0.0343236922","-2.08693419450","1.3967806","3.754969","2.592673"," 4.633827"
"2016-07-01"," 0.0425646938","-2.00631939309","1.4651949","3.701680","2.527868"," 4.584143"
"2016-08-01"," 0.0425112096","-1.98395817732","1.4286444","3.721245","2.568352"," 4.596570"
"2016-09-01"," 0.0545632184","-1.91979902754","1.4080739","3.739545","2.603935"," 4.604848"
"2016-10-01"," 0.2374824815","-1.61106083920","1.5552082","3.703473","2.583891"," 4.544931"
"2016-11-01"," 0.3997653246","-1.45191679563","1.7392828","3.577555","2.416251"," 4.436214"
"2016-12-01"," 0.6236483957","-1.01438826199","1.8786889","3.634281","2.561663"," 4.427620"
"2017-01-01"," 0.6709285577","-0.95046812449","1.9182079","3.623316","2.545045"," 4.418959"
"2017-02-01"," 0.7884577895","-0.79697848185","2.0331178","3.580123","2.492710"," 4.375480"
"2017-03-01"," 1.0134796087","-0.43487948046","2.2323837","3.577824","2.545877"," 4.336520"
"2017-04-01"," 1.0424120969","-0.36597030734","2.2285238","3.626056","2.629473"," 4.362494"
"2017-05-01"," 1.0590561362","-0.30455085851","2.2152837","3.665241","2.709378"," 4.380691"
"2017-06-01"," 1.1012447881","-0.24730213888","2.2616310","3.661917","2.717823"," 4.375493"
"2017-07-01"," 1.0535825644","-0.29589447817","2.2038827","3.691667","2.761898"," 4.395980"
"2017-08-01"," 0.9462152706","-0.40575944649","2.0695618","3.742205","2.829525"," 4.437590"
"2017-09-01"," 0.9658379433","-0.40975707007","2.1100770","3.706569","2.770617"," 4.408834"
"2017-10-01"," 0.9661805722","-0.48433662406","2.1505237","3.638033","2.657108"," 4.373089"
"2017-11-01"," 1.0002440543","-0.42670506921","2.1683098","3.642519","2.660649"," 4.366445"
"2017-12-01"," 1.0808908074","-0.33358198363","2.2597479","3.623131","2.647045"," 4.348450"
"2018-01-01"," 1.1399190797","-0.29239228784","2.3442147","3.602861","2.607601"," 4.338602"
"2018-02-01"," 1.1196143106","-0.26121900456","2.2923161","3.674080","2.709709"," 4.390166"
"2018-03-01"," 1.1410135894","-0.27361879984","2.3412994","3.651194","2.670397"," 4.376374"
"2018-04-01"," 1.0806346604","-0.39788947636","2.2862577","3.628502","2.625674"," 4.371965"
"2018-05-01"," 1.1816075035","-0.31723626775","2.4146879","3.563744","2.529865"," 4.321114"
"2018-06-01"," 1.1332572054","-0.30809513697","2.3112922","3.661152","2.677241"," 4.390399"
"2018-07-01"," 1.2305252406","-0.21693004642","2.4481632","3.614465","2.614170"," 4.350830"
"2018-08-01"," 1.1943176720","-0.31566027678","2.4227204","3.590458","2.573080"," 4.346139"
"2018-09-01"," 1.2503598197","-0.28850788561","2.4936588","3.570594","2.546270"," 4.333028"
"2018-10-01"," 1.3204218621","-0.07543993929","2.5202004","3.705232","2.766425"," 4.410723"
"2018-11-01"," 1.2949980965","-0.13602987246","2.5004423","3.731390","2.797572"," 4.436536"
"2018-12-01"," 1.1815412812","-0.32235228466","2.3702182","3.756061","2.806939"," 4.468392"
"2019-01-01"," 1.1915937911","-0.23817884282","2.3463071","3.847991","2.958776"," 4.527827"
"2019-02-01"," 1.3075334529","-0.11052278000","2.4975157","3.827492","2.933940"," 4.501588"
"2019-03-01"," 1.2724396753","-0.20901528655","2.4888505","3.820284","2.914589"," 4.504247"
"2019-04-01"," 1.2722595718","-0.28624406772","2.5362656","3.788371","2.847147"," 4.489085"
"2019-05-01"," 1.2409030521","-0.46511400691","2.5484424","3.734058","2.745900"," 4.461767"
"2019-06-01"," 1.1891116659","-0.60326000598","2.5287968","3.745488","2.746609"," 4.483212"
"2019-07-01"," 1.0886534873","-0.78017759150","2.4166502","3.793237","2.798038"," 4.531549"
"2019-08-01"," 0.9288277098","-1.31478839577","2.3466812","3.686788","2.565002"," 4.504100"
"2019-09-01"," 0.8953921235","-1.54124164173","2.3867510","3.624660","2.436027"," 4.478224"
"2019-10-01"," 0.8468983609","-1.65947607982","2.3396571","3.654311","2.459722"," 4.520093"
"2019-11-01"," 0.7917710561","-1.93449047431","2.3295852","3.624736","2.370413"," 4.526141"
"2019-12-01"," 0.9084500306","-1.65991185448","2.4006369","3.681327","2.502446"," 4.540178"
"2020-01-01"," 0.9390674313","-1.57916691754","2.4269003","3.712272","2.548879"," 4.553848"
"2020-02-01"," 0.9841819436","-1.60408574341","2.5107072","3.684967","2.505352"," 4.540896"
"2020-03-01"," 0.2193208562","-3.34805523767","1.8994970","3.769095","2.355316"," 4.809190"
"2020-04-01","-2.7564600010","-6.96092466180","0.2162416","7.751068","6.103872","10.268953"
"2020-05-01","-2.2816027983","-5.99010228072","0.6158718","7.623573","6.099990","10.007133"
"2020-06-01","-1.2974026724","-3.93224164312","0.7402420","6.671202","5.567777"," 8.291799"
"2020-07-01","-0.7671324793","-2.89590432704","0.7856582","6.018693","5.130309"," 7.201773"
"2020-08-01"," 0.0163826328","-1.90988273746","1.1947858","4.948470","4.155958"," 5.700954"
"2020-09-01"," 0.3959528559","-1.62676288452","1.6134626","4.522646","3.659831"," 5.238620"
"2020-10-01"," 0.5225908653","-1.68077056709","1.7879272","4.302826","3.375128"," 5.031468"
"2020-11-01"," 0.5186259243","-1.64007646574","1.7430285","4.336362","3.447678"," 5.048157"
"2020-12-01"," 0.3930547623","-1.87833673297","1.6200941","4.395472","3.494444"," 5.137896"
"2021-01-01"," 0.4596629486","-1.78221156860","1.6760183","4.374534","3.487404"," 5.110269"
"2021-02-01"," 0.4977620034","-1.82498686140","1.7318604","4.328058","3.407066"," 5.081569"
"2021-03-01"," 0.5194214717","-1.82558509366","1.7794312","4.311512","3.366836"," 5.085198"
"2021-04-01"," 0.3963298241","-2.36885640945","1.7960257","4.229985","3.108219"," 5.117773"
"2021-05-01"," 0.3568923526","-3.04853986726","1.9528221","3.991733","2.624872"," 5.020759"
"2021-06-01"," 0.4145057783","-2.81252597328","1.9625252","4.042169","2.699980"," 5.051155"
"2021-07-01"," 0.6462757960","-2.50823011618","2.2178949","3.878833","2.490249"," 4.881670"
"2021-08-01"," 0.8673499608","-2.08275167275","2.4041019","3.796143","2.443289"," 4.758645"
"2021-09-01"," 1.0390141407","-1.87544415540","2.6102970","3.656619","2.282144"," 4.620316"
"2021-10-01"," 1.1014007147","-1.91001114615","2.7326043","3.577094","2.126895"," 4.581293"
"2021-11-01"," 1.2283972210","-1.93607220996","2.9634794","3.412627","1.836704"," 4.481354"
"2021-12-01"," 1.3037148303","-1.91707331199","3.0899622","3.340721","1.712360"," 4.454494"
"2022-01-01"," 1.3607535710","-1.54285610336","3.0568343","3.439713","1.921044"," 4.503796"
"2022-02-01"," 1.4609625873","-1.19304196719","3.1129389","3.460931","1.977246"," 4.493914"
"2022-03-01"," 1.6636733055","-0.70214259415","3.2698258","3.450310","2.035869"," 4.439225"
"2022-04-01"," 1.7910226241","-0.26942172176","3.3055256","3.523024","2.224091"," 4.448416"
"2022-05-01"," 1.9887433908"," 0.35574908003","3.4065046","3.641719","2.513997"," 4.460630"
"2022-06-01"," 2.0256807250"," 0.53000493521","3.4295877","3.726559","2.663607"," 4.519969"
"2022-07-01"," 2.0884104556"," 0.71884166063","3.4500021","3.772031","2.778228"," 4.519344"
"2022-08-01"," 2.0626062498"," 0.79840800114","3.3971933","3.901029","2.982993"," 4.615076"
"2022-09-01"," 2.0371415748"," 0.74883605545","3.3286175","3.879604","2.955269"," 4.589429"
"2022-10-01"," 2.0096610729"," 0.79441663005","3.2511123","3.946969","3.068327"," 4.630518"
"2022-11-01"," 2.0951293083"," 1.02358267646","3.3388723","4.057205","3.267504"," 4.698525"
"2022-12-01"," 2.0976014229"," 1.04486266210","3.3281777","4.056618","3.282266"," 4.689477"
"2023-01-01"," 2.0866598660"," 1.04490231136","3.3298596","4.088940","3.320330"," 4.716043"
"2023-02-01"," 2.0222111930"," 0.99515759468","3.2160089","4.140718","3.401712"," 4.749450"
"2023-03-01"," 2.0187230551"," 0.98075953737","3.2071816","4.120719","3.373164"," 4.733277"
"2023-04-01"," 2.0417898393"," 0.99971497455","3.2401263","4.110210","3.355472"," 4.717521"
"2023-05-01"," 1.9509596956"," 0.94499483808","3.1035450","4.198288","3.482288"," 4.788527"
"2023-06-01"," 1.9158142871"," 0.89954739914","3.0136839","4.194717","3.486007"," 4.776290"
"2023-07-01"," 2.0017810142"," 1.02070762057","3.1393635","4.204342","3.508435"," 4.776106"
"2023-08-01"," 1.9311381804"," 0.98458415853","3.0249849","4.292939","3.638718"," 4.845421"
"2023-09-01"," 1.9232759641"," 0.99232100283","3.0419953","4.320759","3.666959"," 4.876357"
"2023-10-01"," 1.8363568953"," 0.91493849000","2.9087455","4.376980","3.754383"," 4.919408"
"2023-11-01"," 1.8928516369"," 0.95024728167","2.9925853","4.325089","3.673929"," 4.876179"
"2023-12-01"," 1.8439159722"," 0.89956787393","2.9122489","4.351055","3.710027"," 4.894952"
"2024-01-01"," 1.8662467056"," 0.90312663985","2.9784902","4.333994","3.673003"," 4.896230"
"2024-02-01"," 1.8071303335"," 0.87171678568","2.9305668","4.403684","3.761980"," 4.963242"
"2024-03-01"," 1.7713699686"," 0.82060104546","2.8896169","4.411050","3.766183"," 4.977746"
"2024-04-01"," 1.7757214690"," 0.83300051764","2.9089954","4.427702","3.788592"," 4.988651"
"2024-05-01"," 1.7568466700"," 0.81592591755","2.8774231","4.428581","3.793458"," 4.981120"
"2024-06-01"," 1.6907633948"," 0.77110068378","2.8080643","4.500603","3.889685"," 5.044979"
"2024-07-01"," 1.6364601046"," 0.70874431484","2.7077964","4.519239","3.924835"," 5.053418"
"2024-08-01"," 1.5989848159"," 0.63247483951","2.6138554","4.495173","3.893191"," 5.028785"
"2024-09-01"," 1.5457413713"," 0.43291836287","2.5123200","4.408338","3.758014"," 4.959158"
"2024-10-01"," 1.5212073285"," 0.32817588741","2.4924062","4.376826","3.701393"," 4.944661"
"2024-11-01"," 1.4742179645"," 0.22557220347","2.4219788","4.380987","3.695760"," 4.953681"
"2024-12-01"," 1.4782770628"," 0.12987959407","2.4464183","4.331370","3.609595"," 4.922422"
"2025-01-01"," 1.4676796487","-0.02758920587","2.4691124","4.274597","3.491356"," 4.900214"
"2025-02-01"," 1.4853011305"," 0.23723754088","2.4726838","4.373381","3.675967"," 4.956380"
"2025-03-01"," 1.4883343728"," 0.25596113302","2.4673055","4.375996","3.692742"," 4.950692"
"2025-04-01"," 1.5056600697"," 0.34373095122","2.5207536","4.402047","3.732866"," 4.971801"
"2025-05-01"," 1.4187270725"," 0.16800775520","2.3989141","4.415288","3.736815"," 4.992150"
"2025-06-01"," 1.4264813689","-0.01271120007","2.4367793","4.318167","3.556236"," 4.931805"
"2025-07-01"," 1.3767545337","-0.03234793841","2.3646013","4.369251","3.638078"," 4.966000"
"2025-08-01"," 1.3481953157","-0.11950310265","2.3332699","4.362186","3.617781"," 4.970854"
"2025-09-01"," 1.2864977125","-0.28227561523","2.2698715","4.371151","3.599722"," 4.994316"
"2025-10-01"," 1.2797940983","-0.34429554809","2.2671712","4.351110","3.565160"," 4.983015"
"2025-11-01"," 1.2327967580","-0.48442673273","2.2228300","4.355570","3.551155"," 4.995743"
"2025-12-01"," 1.2194066445","-0.77606486767","2.2661221","4.270463","3.351480"," 4.972599"
"2026-01-01"," 1.2531395816","-0.90682774289","2.3490267","4.197387","3.200892"," 4.942092"
"2026-02-01"," 1.2877074468","-0.66368081088","2.3578880","4.238191","3.294410"," 4.953157"
"2026-03-01"," 1.3362255479","-0.57862855301","2.4181823","4.209526","3.258397"," 4.920909"
"2026-04-01"," 1.2839372769","-0.91385012708","2.4002070","4.174166","3.140432"," 4.927937"
"2026-05-01"," 1.3150094780","-0.81222357143","2.4225614","4.178764","3.157923"," 4.926910"
"2026-06-01"," 1.3476429318","-0.89625903897","2.4758714","4.124509","3.057294"," 4.890771"
"2026-07-01"," 1.4018807827","-0.83342534835","2.5474897","4.094852","3.009295"," 4.860430"
"2026-08-01"," 1.3785565960","-1.01407940880","2.5465860","4.085623","2.958535"," 4.876750"
